ac_no,ac_name,district,reservation,pop_total,pop_m,pop_f,pop_0_6,households,sc_pop,st_pop,literates,workers_total,cultivators,agri_labourers,hh_industry_workers,other_workers,sex_ratio,sc_pct,st_pct,literacy_pct,female_literacy_pct,workforce_pct,agri_share_pct,electors_2011,polling_2011,electors_2016,winner_2016,winner_party_2016,winner_sex_2016,margin_2016,candidates_2016,electors_2021,winner_2021,winner_party_2021,winner_sex_2021,winner_age_2021,winner_votes_2021,runner_up_party_2021,runner_up_votes_2021,margin_2021,candidates_2021,party_switch_16_21,myneta21_cand_count,myneta26_cand_count,nfhs_under15_pct,nfhs_female_school_pct,nfhs_tfr
1,mekliganj,koch bihar,GEN,282904,144970,137934,37040,67019,185854,2475,172860,112066,40282,27449,1121,20180,951,65.7,0.87,70.31,63.11,39.61,60.44,170181,86.64,202689,ARGHYA ROY PRADHAN (BILU),AITC,M,6637,10,226465,1 ADHIKARY PARESH CHANDRA,AITC,MALE,68,99338,BJP,84653,14685,10,NO,1,10,25.0,,
2,mathabhanga,koch bihar,GEN,288259,148131,140127,36174,65017,173162,3188,185438,113157,30965,26221,2209,30360,946,60.07,1.11,73.56,66.94,39.26,50.54,194088,86.85,229622,BINAY KRISHNA BARMAN,AITC,M,31918,9,248022,1 Sushil Barman,BJP,MALE,55,113249,AITC,87115,26134,9,YES,1,13,25.0,,
3,cooch behar uttar,koch bihar,GEN,357263,186168,171095,39450,83954,156973,3611,261466,133619,23673,31055,3014,52819,919,43.94,1.01,82.27,76.94,37.4,40.96,218743,86.05,258722,NAGENDRA NATH ROY,AIFB,M,12293,9,282988,1 SUKUMAR ROY,BJP,MALE,52,120483,AITC,105868,14615,8,YES,1,11,25.0,,
4,cooch behar dakshin,koch bihar,GEN,293310,150337,142973,35329,67969,105026,420,202767,117548,24017,22076,2573,41206,951,35.81,0.14,78.6,73.23,40.08,39.21,182901,84.32,213162,MIHIR GOSWAMI,AITC,M,18195,8,233839,1 Nikhil Ranjan Dey,BJP,MALE,63,91560,AITC,86629,4931,10,YES,1,14,25.0,,
5,sitalkuchi,koch bihar,GEN,380748,194989,185759,52665,87257,237323,374,233144,162120,70706,33555,1363,17101,953,62.33,0.1,71.06,63.56,42.58,64.31,216535,88.47,261348,HITEN BARMAN,AITC,M,15483,9,285260,1 Baren Chandra Barman,BJP,MALE,47,124955,AITC,107140,17815,8,YES,1,10,25.0,,
6,sitai,koch bihar,GEN,353673,181335,172337,45912,83755,174086,1336,214865,147784,42364,42205,2226,26033,950,49.22,0.38,69.82,63.65,41.79,57.23,209580,81.58,262565,JAGADISH CHANDRA BARMA BASUNIA,AITC,M,25251,7,290568,1 JAGADISH CHANDRA BARMA BASUNIA,AITC,MALE,57,117908,BJP,107796,10112,10,NO,1,8,25.0,,
7,dinhata,koch bihar,GEN,310837,160989,149847,35646,77225,129463,1385,206689,120931,32319,41438,1631,25482,931,41.65,0.45,75.11,69.38,38.91,60.99,222013,82.96,273294,UDAYAN GUHA,AITC,M,21793,10,299251,1 NISITH PRAMANIK,BJP,MALE,35,116035,AITC,115978,57,7,YES,1,8,25.0,,
8,natabari,koch bihar,GEN,278261,143537,134724,31308,67948,121233,1485,188671,112545,23032,25231,7367,32332,939,43.57,0.53,76.4,70.3,40.45,42.88,193375,89.18,223747,RABINDRA NATH GHOSH,AITC,M,16157,7,245040,1 Mihir Goswami,BJP,MALE,67,111743,AITC,88303,23440,8,YES,1,8,25.0,,
9,tufanganj,koch bihar,GEN,279058,143921,135136,32186,67079,124159,3243,187258,108965,23174,23836,4760,31243,939,44.49,1.16,75.85,69.51,39.05,43.14,183248,89.39,213560,FAZAL KARIM MIAH,AITC,M,15270,7,234311,1 Malati Rava Roy,BJP,FEMALE,56,114503,AITC,83305,31198,9,YES,1,9,25.0,,
10,kumargram,jalpaiguri,GEN,292236,150268,141967,35058,66636,107006,79206,187167,115913,17629,20913,1911,39609,945,36.62,27.1,72.78,66.16,39.66,33.25,205554,85.35,243359,JAMES KUJUR,AITC,M,6153,7,272924,,,,,60322834,BJP,111974,60210860,305,NO,0,10,22.6,,
11,kalchini,jalpaiguri,GEN,359415,186078,173337,41838,76598,45001,142327,220873,146122,11072,8729,1571,86007,932,12.52,39.6,69.55,60.92,40.66,13.55,182539,84.74,218280,WILSON CHAMPRAMARY,AITC,M,1511,13,247425,1 BISHAL LAMA,BJP,MALE,39,103104,AITC,74528,28576,12,YES,1,7,22.6,,
12,alipurduars,jalpaiguri,GEN,341368,175250,166117,36100,80387,150730,37086,244177,133325,17563,23195,1736,63440,948,44.15,10.86,79.99,74.66,39.06,30.57,201029,86.2,236134,SOURAV CHAKRABORTY(GHUTISH),AITC,M,11958,9,260652,1 SUMAN KANJILAL,BJP,MALE,50,107333,AITC,91326,16007,10,YES,1,9,22.6,,
13,falakata,jalpaiguri,GEN,312044,160585,151458,37303,70692,131188,48553,199986,122022,22683,31901,1459,39992,943,42.04,15.56,72.79,66.15,39.1,44.73,189459,86.65,227176,ANIL ADHIKARI,AITC,M,16839,8,254554,1 DIPAK BARMAN,BJP,MALE,46,102993,AITC,99003,3990,9,YES,1,8,22.6,,
14,madarihat,jalpaiguri,GEN,240108,120215,119893,29267,52255,33007,100038,140752,97006,5581,4711,605,57762,997,13.75,41.66,66.76,58.27,40.4,10.61,161332,82.66,191686,MANOJ TIGGA,BJP,M,22038,6,212651,1 MANOJ TIGGA,BJP,MALE,48,90718,AITC,61033,29685,8,NO,1,8,22.6,,
15,dhupguri,jalpaiguri,GEN,368817,188947,179870,46284,82377,199294,36025,236297,147841,25947,36338,1615,45750,952,54.04,9.77,73.26,66.3,40.09,42.13,200408,87.07,237427,MITALI ROY,AITC,F,19264,7,263118,1 BISHNU PADA RAY,BJP,MALE,58,104688,AITC,100333,4355,9,YES,1,13,22.6,,
16,maynaguri,jalpaiguri,GEN,337251,174328,162923,42804,78369,239342,4492,222059,123042,32623,29240,1386,34844,935,70.97,1.33,75.42,68.61,36.48,50.28,198615,87.85,236663,ANANTA DEB ADHIKARI,AITC,M,34907,8,264265,1 Kaushik Roy,BJP,MALE,37,115306,AITC,103395,11911,10,YES,1,13,22.6,,
17,jalpaiguri,jalpaiguri,GEN,353845,180326,173519,37765,82987,176162,6226,252773,142581,18767,20182,1014,71737,962,49.79,1.76,79.97,74.69,40.29,27.32,208102,85.42,241740,SUKHBILAS BARMA,INC,M,5157,6,262500,1 DR. PRADIP KUMAR BARMA,AITC,MALE,66,95668,BJP,94727,941,11,YES,1,13,22.6,,
18,rajganj,jalpaiguri,GEN,251429,130302,121127,31403,54967,127641,23347,159220,96220,13413,16414,1396,44016,930,50.77,9.29,72.36,64.92,38.27,31.0,178412,89.71,216425,KHAGESWAR ROY,AITC,M,14677,7,244163,1 KHAGESWAR ROY,AITC,MALE,69,104641,BJP,88868,15773,9,NO,1,12,22.6,,
19,dabgram phulbari,jalpaiguri,GEN,0,0,0,0,0,0,0,0,0,0,0,0,0,,,,,,,,209696,83.68,260690,GOUTAM DEB,AITC,M,23811,8,310354,1 Sikha Chatterjee,BJP,FEMALE,68,129088,AITC,101495,27593,11,YES,1,13,22.6,,
20,mal,jalpaiguri,GEN,288976,146461,142515,36770,62446,72622,96020,171777,110111,11044,13174,1070,56686,973,25.13,33.23,68.11,60.4,38.1,21.99,182501,85.71,227471,BULU CHIK BARAIK,AITC,M,18462,6,255570,1 BULU CHIK BARAIK,AITC,MALE,61,99086,BJP,93621,5465,6,NO,1,8,22.6,,
21,nagrakata,jalpaiguri,GEN,314743,158889,155853,39406,67547,41811,147016,177235,127055,4839,6859,838,78383,981,13.28,46.71,64.37,54.42,40.37,9.21,183655,83.76,213862,SUKRA MUNDA,AITC,M,3228,7,237305,1 PUNA BHENGRA,BJP,MALE,46,94722,AITC,71247,23475,7,YES,1,0,22.6,,
22,kalimpong,darjiling,GEN,279303,142217,137085,27483,57265,19363,85224,204576,106939,16247,6087,1255,45479,964,6.93,30.51,81.24,75.24,38.29,20.89,166388,75.19,193742,SARITA RAI,GOJAM,F,11431,6,211896,1 RUDEN SADA LEPCHA,IND,MALE,51,58206,BJP,54336,3870,9,YES,1,0,,,
23,darjeeling,darjiling,GEN,307332,153354,153977,24282,62876,18433,81459,244534,114124,11218,2642,1025,71462,1004,6.0,26.51,86.39,81.22,37.13,12.15,217964,70.97,237470,AMAR SINGH RAI,GOJAM,M,49913,5,246663,1 NEERAJ TAMANG ZIMBA,BJP,MALE,39,68907,IND,47631,21276,10,YES,1,0,,,
24,kurseong,darjiling,GEN,307715,154060,153654,26604,65092,21770,92849,232368,106780,6339,3517,1705,68161,997,7.08,30.17,82.66,75.96,34.7,9.23,197531,78.42,225802,ROHIT SHARMA,GOJAM,M,33726,5,236477,1 Bishnu Prasad Sharma (alias B.P. Bajgain),BJP,MALE,52,73475,IND,57960,15515,9,YES,1,0,,,
25,matigara naxalbari,darjiling,GEN,321052,164223,156829,38073,69681,100280,53149,213886,119871,4635,3623,2058,92510,955,31.23,16.55,75.58,68.15,37.34,6.89,194062,84.8,249408,SANKAR MALAKAR,INC,M,18627,8,287565,1 Anandamay Barman,BJP,MALE,38,139785,AITC,68937,70848,7,YES,1,0,,,
26,siliguri,darjiling,GEN,0,0,0,0,0,0,0,0,0,0,0,0,0,,,,,,,,184303,81.34,208719,ASOK BHATTACHARYA,CPM,M,14072,11,228406,1 Sankar Ghosh,BJP,MALE,48,89370,AITC,53784,35586,11,YES,1,0,,,
27,phansidewa,darjiling,GEN,309429,157142,152287,42936,64584,112324,83854,173823,118701,13414,16711,1966,57890,969,36.3,27.1,65.23,56.66,38.36,25.38,164907,87.5,206362,SUNIL CHANDRA TIRKEY,INC,M,7074,8,240496,1 Durga Murmu,BJP,MALE,42,105651,AITC,77940,27711,8,YES,1,0,,,
28,chopra,uttar dinajpur,GEN,323508,167210,156298,57402,61376,52927,20142,155980,102731,20804,20414,1231,40091,935,16.36,6.23,58.62,50.46,31.76,40.12,167193,86.2,209966,HAMIDUL RAHAMAN,AITC,M,16860,9,247764,1 HAMIDUL RAHAMAN,AITC,MALE,61,124923,BJP,60018,64905,6,NO,1,0,29.2,,
29,islampur,uttar dinajpur,GEN,321196,165713,155482,56262,62560,58620,8501,156049,99556,21364,24442,841,35778,938,18.25,2.65,58.9,51.35,31.0,46.01,150195,79.18,188269,KANAIA LAL AGARWAL,INC,M,7718,9,219728,1 ABDUL KARIM CHOWDHARY,AITC,MALE,74,100131,BJP,62691,37440,6,YES,1,0,29.2,,
30,goalpokhar,uttar dinajpur,GEN,324854,169309,155545,61590,61054,43173,12209,111245,100413,28234,34578,2014,15426,919,13.29,3.76,42.26,35.09,30.91,62.55,170180,73.47,198786,MD GULAM RABBANI,AITC,M,7748,8,224633,1 MD. GHULAM RABBANI,AITC,MALE,51,105649,BJP,32135,73514,8,NO,1,0,29.2,,
31,chakulia,uttar dinajpur,GEN,334664,172299,162365,63832,63510,74746,25863,125065,108854,21599,41102,2200,13756,942,22.33,7.73,46.18,39.35,32.53,57.6,167013,74.97,200084,ALI IMRAN RAMZ,AIFB,M,27529,7,233378,1 AZAD MINHAJUL ARFIN,AITC,MALE,49,86311,BJP,52474,33837,7,YES,1,0,29.2,,
32,karandighi,uttar dinajpur,GEN,360715,185033,175682,63910,68568,107636,21282,165136,142741,24354,38176,7380,34167,949,29.84,5.9,55.64,48.34,39.57,43.81,182522,82.29,227234,MANODEB SINHA,AITC,M,3232,10,262583,1 GOUTAM PAUL,AITC,MALE,42,116594,BJP,79968,36626,12,NO,0,0,29.2,,
33,hemtabad,uttar dinajpur,GEN,345165,177512,167653,51143,74814,120420,24116,185574,141646,32071,44888,1944,18573,944,34.89,6.99,63.12,56.33,41.04,54.33,185015,85.02,232634,DEBENDRA NATH ROY,CPM,M,13136,8,265318,1 SATYAJIT BARMAN,AITC,MALE,40,116425,BJP,89210,27215,9,YES,0,0,29.2,,
34,kaliaganj,uttar dinajpur,GEN,328970,168787,160183,41207,73352,174780,15157,200917,134682,34960,34001,2159,34720,949,53.13,4.61,69.82,62.34,40.94,51.2,202847,87.97,250603,PRAMATHA NATH RAY,INC,M,46602,7,282575,1 SOUMEN ROY,BJP,MALE,45,116768,AITC,94948,21820,11,YES,1,0,29.2,,
35,raiganj,uttar dinajpur,GEN,0,0,0,0,0,0,0,0,0,0,0,0,0,,,,,,,,149614,84.68,178888,MOHIT SENGUPTA,INC,M,51247,9,198780,1 KRISHNA KALYANI,BJP,MALE,42,79775,AITC,59027,20748,13,YES,1,0,29.2,,
36,itahar,uttar dinajpur,GEN,309765,158964,150801,43599,67703,79241,24228,159473,118741,32642,39529,1075,15927,949,25.58,7.82,59.92,53.83,38.33,60.78,164111,85.58,202219,AMAL ACHARJEE,AITC,M,19120,6,229362,1 MOSARAF HUSSEN,AITC,MALE,40,114645,BJP,70670,43975,9,NO,1,0,29.2,,
37,kushmandi,dakshin dinajpur,GEN,258738,131455,127283,33545,58596,117337,25179,146951,101041,35267,29014,1815,10855,968,45.35,9.73,65.26,58.58,39.05,63.62,155978,89.83,191402,NARMADA CHANDRA ROY,RSP,M,3529,7,219921,1 REKHA ROY,AITC,FEMALE,34,89968,BJP,77384,12584,6,YES,1,0,23.4,,
38,kumarganj,dakshin dinajpur,GEN,272253,140360,131893,31979,65040,60576,43536,181316,114025,32706,38130,2784,12996,940,22.25,15.99,75.46,70.53,41.88,62.12,148934,89.1,179509,TORAF HOSSAIN MANDAL,AITC,M,3496,8,203986,1 TORAF HOSSAIN MANDAL,AITC,MALE,61,89763,BJP,60396,29367,6,NO,1,0,23.4,,
39,balurghat,dakshin dinajpur,GEN,0,0,0,0,0,0,0,0,0,0,0,0,0,,,,,,,,139816,89.19,160609,BISWANATH CHOUDHURY,RSP,M,1450,6,180390,1 Ashok Kumar Lahiri,BJP,MALE,69,72129,AITC,58693,13436,9,YES,1,0,23.4,,
40,tapan,dakshin dinajpur,GEN,232695,119909,112786,23736,56427,61217,65192,152230,106378,28900,27097,2140,18987,941,26.31,28.02,72.85,66.52,45.72,52.64,156952,89.69,190782,BACHCHU HANSDA,AITC,M,4401,7,220236,1 BUDHRAI TUDU,BJP,MALE,48,84381,AITC,82731,1650,8,YES,1,0,23.4,,
41,gangarampur,dakshin dinajpur,GEN,297545,153144,144401,33212,69326,102244,44923,189935,126466,27292,29645,4891,31387,943,34.36,15.1,71.85,65.97,42.5,45.02,159575,90.34,198724,GOUTAM DAS,INC,M,10733,7,224040,1 SATYENDRA NATH RAY,BJP,MALE,64,88724,AITC,84132,4592,7,YES,1,0,23.4,,
42,harirampur,dakshin dinajpur,GEN,284368,144482,139886,37450,65479,67238,54119,165161,115660,28787,32170,2973,17997,968,23.64,19.03,66.89,60.17,40.67,52.7,162532,86.56,196518,RAFIKUL ISLAM,CPM,M,4504,8,228189,1 BIPLAB MITRA,AITC,MALE,69,96131,BJP,73459,22672,9,YES,1,0,23.4,,
43,habibpur,maldah,GEN,272155,138771,133384,33096,61333,134193,76301,146817,122806,30000,28302,1775,13500,961,49.31,28.04,61.41,53.03,45.12,47.48,187000,84.35,223084,KHAGEN MURMU,CPM,M,2512,10,249557,1 JOYEL MURMU,BJP,MALE,37,94075,AITC,74558,19517,11,YES,1,0,30.2,,
44,gazole,maldah,GEN,343821,174518,169302,43986,75160,133548,70098,188844,145824,42266,31400,1696,28538,970,38.84,20.39,62.98,55.91,42.41,50.52,186960,86.67,233833,DIPALI BISWAS,CPM,F,20602,13,267096,1 CHINMOY DEB BARMAN,BJP,MALE,37,100655,AITC,98857,1798,9,YES,1,0,30.2,,
45,chanchal,maldah,GEN,320986,165104,155882,45393,75319,54580,1808,164440,118992,22536,44452,1967,18392,944,17.0,0.56,59.67,55.26,37.07,56.3,171300,82.27,217595,ASIF MEHBUB,INC,M,52368,6,249402,1 Nihar Ranjan Ghosh,AITC,MALE,66,115966,BJP,48628,67338,7,YES,1,0,30.2,,
46,harischandrapur,maldah,GEN,330187,171119,159068,55933,66251,52369,10420,149353,105854,22232,31705,1261,15644,930,15.86,3.16,54.46,50.93,32.06,50.95,160562,83.64,214992,ALAM MOSTAQUE,INC,M,17857,9,252487,1 TAJMUL HOSSAIN,AITC,MALE,63,122527,BJP,45054,77473,9,YES,1,0,30.2,,
47,malatipur,maldah,GEN,305448,156059,149388,48629,64302,24280,15124,145277,100941,19773,35731,2033,14493,957,7.95,4.95,56.57,54.35,33.05,54.99,151848,83.12,195163,ALBERUNI ZULKARNAIN,INC,M,2600,6,231907,1 ABDUR RAHIM BOXI,AITC,MALE,57,126157,BJP,34208,91949,7,YES,1,0,30.2,,
48,ratua,maldah,GEN,355312,183179,172133,57484,73513,34565,24511,177142,115205,21134,28435,3546,23596,940,9.73,6.9,59.48,55.6,32.42,43.03,192832,80.42,239555,SAMAR MUKHERJEE,INC,M,43275,8,282451,1 Samar Mukherjee,AITC,MALE,79,130674,BJP,55024,75650,10,YES,1,0,30.2,,
49,manickchak,maldah,GEN,383707,197950,185756,59673,84286,84248,44308,188537,135069,10372,29904,5763,34601,938,21.96,11.55,58.18,51.78,35.2,29.82,174680,80.13,219002,MD. MOTTAKIN ALAM,INC,M,12603,7,253353,1 SABITRI MITRA,AITC,FEMALE,60,110234,BJP,76356,33878,9,YES,1,0,30.2,,
50,maldaha,maldah,GEN,261167,135715,125451,34267,55774,76089,35219,142002,104505,13956,21489,2860,36755,924,29.13,13.49,62.58,57.79,40.01,33.92,169551,86.39,211279,BHUPENDRA NATH HALDER,INC,M,33309,8,245962,1 Gopal Chandra Saha,BJP,MALE,44,93398,AITC,77942,15456,8,YES,1,0,30.2,,
51,englishbazar,maldah,GEN,376853,197015,179838,56398,78653,63439,6518,250022,133465,3060,6066,5301,95720,913,16.83,1.73,78.02,75.12,35.42,6.84,208529,82.88,246790,NIHAR RANJAN GHOSH,IND,M,39727,8,275296,1 SREERUPA MITRA CHAUDHURY(NIRBHOY DIDI),BJP,FEMALE,56,107755,AITC,87656,20099,12,YES,1,0,30.2,,
52,mothabari,maldah,GEN,316515,162155,154359,52901,66123,39267,4269,164648,134969,9995,23525,19078,33476,952,12.41,1.35,62.46,57.79,42.64,24.84,134966,79.77,166513,YEASMIN SABINA,INC,F,38174,9,196324,1 YEASMIN SABINA,AITC,FEMALE,43,97397,BJP,40824,56573,11,YES,0,0,30.2,,
53,sujapur,maldah,GEN,265470,135891,129579,44509,54562,9292,464,150650,116612,4030,10146,17093,49837,954,3.5,0.18,68.18,65.83,43.93,12.16,171380,78.19,210287,ISHA KHAN CHOUDHURY,INC,M,47080,16,251186,1 Md Abdul Ghani,AITC,MALE,71,152445,INC,22282,130163,11,YES,1,0,30.2,,
54,baishnab nagar,maldah,GEN,358724,184037,174687,63235,69875,88322,21066,163019,161301,15854,28362,31084,30518,949,24.62,5.87,55.17,49.41,44.97,27.41,172528,84.34,211923,SWADHIN KUMAR SARKAR,BJP,M,4497,8,246956,1 CHANDANA SARKAR,AITC,FEMALE,40,83061,BJP,80590,2471,8,YES,1,0,30.2,,
55,farakka,murshidabad,GEN,369298,187214,182083,66562,71664,49099,6853,179350,161616,6133,13760,48039,48561,973,13.3,1.86,59.24,53.3,43.76,12.31,153081,88.94,192011,MAINUL HAQUE,INC,M,28167,7,227549,1 MANIRUL ISLAM,AITC,MALE,45,102319,BJP,42374,59945,7,YES,1,0,29.3,,
56,samserganj,murshidabad,GEN,0,0,0,0,0,0,0,0,0,0,0,0,0,,,,,,,,152508,86.35,194128,AMIRUL ISLAM,AITC,M,1780,9,235576,1 Amirul Islam,AITC,MALE,49,96417,INC,70038,26379,8,NO,1,0,29.3,,
57,suti,murshidabad,GEN,392464,198174,194289,73263,76493,34788,349,175056,176736,7652,24168,67999,31951,980,8.86,0.09,54.84,49.75,45.03,18.0,174931,85.98,221740,HUMAYUN REZA,INC,M,3950,8,265418,1 EMANI BISWAS,AITC,MALE,46,127351,BJP,56650,70701,9,YES,1,0,29.3,,
58,jangipur,murshidabad,GEN,354450,181318,173131,51750,71047,76680,3034,207464,154895,7074,14702,30649,69446,955,21.63,0.86,68.54,63.85,43.7,14.06,171691,85.56,214445,JAKIR HOSSAIN,AITC,M,20633,12,255064,1 JAKIR HOSSAIN,AITC,MALE,48,136444,BJP,43964,92480,10,NO,1,0,29.3,,
59,raghunathganj,murshidabad,GEN,256964,131442,125522,44901,48572,22162,92,129703,110784,4493,6690,28734,50784,955,8.62,0.04,61.16,57.6,43.11,10.1,168860,86.77,207987,AKHRUZZAMAN,INC,M,23786,7,249559,1 Akhruzzaman,AITC,MALE,56,126834,BJP,28521,98313,8,YES,1,0,29.3,,
60,sagardighi,murshidabad,GEN,317846,162432,155413,47532,69618,62853,22705,176581,114806,17055,40490,4001,23986,957,19.77,7.14,65.32,61.98,36.12,50.12,168136,85.64,206049,SUBRATA SAHA,AITC,M,5214,9,236885,1 SUBRATA SAHA,AITC,MALE,71,95189,BJP,44983,50206,10,NO,1,0,29.3,,
61,lalgola,murshidabad,GEN,380996,194167,186828,61330,80628,34990,205,206974,131933,10618,27530,9887,44779,962,9.18,0.05,64.75,63.35,34.63,28.92,161259,88.73,199397,ABU HENA,INC,M,53475,7,234381,1 ALI MOHAMMAD,AITC,MALE,57,107860,INC,47153,60707,9,YES,1,0,29.3,,
62,bhagabangola,murshidabad,GEN,316400,161602,154797,46616,73171,14295,250,173742,98644,13844,37998,2084,22393,958,4.52,0.08,64.4,64.06,31.18,52.56,179224,90.86,224616,MAHASIN ALI,CPM,M,36305,11,263765,1 IDRIS ALI,AITC,MALE,70,153795,CPI(M),47787,106008,12,YES,1,0,29.3,,
63,raninagar,murshidabad,GEN,347683,177272,170411,47891,82848,24719,1051,194643,118390,25721,44985,4485,19157,961,7.11,0.3,64.93,63.69,34.05,59.72,186600,87.83,223995,FIROZA BEGAM (E),INC,F,48382,7,256101,1 ABDUL SOUMIK HOSSAIN,AITC,MALE,38,134957,INC,55255,79702,13,YES,1,0,29.3,,
64,murshidabad,murshidabad,GEN,342271,175399,166871,39799,78776,69052,11308,220216,123542,15529,32993,4568,49888,951,20.17,3.3,72.81,69.03,36.09,39.28,188558,86.92,235052,SHAONI SINGHA ROY,INC,F,25139,10,268221,1 GOURI SANKAR GHOSH,BJP,MALE,48,95967,AITC,93476,2491,12,YES,1,0,29.3,,
65,nabagram,murshidabad,GEN,341304,174557,166746,42605,78573,85050,17937,215273,117944,23228,40861,2396,25760,955,24.92,5.26,72.07,66.39,34.56,54.34,183391,87.69,222785,KANAI CHANDRA MONDAL,CPM,M,38443,7,251378,1 KANAI CHANDRA MONDAL,AITC,MALE,67,100455,BJP,64922,35533,5,YES,1,0,29.3,,
66,khargram,murshidabad,GEN,326388,166852,159536,45419,77710,68006,3265,180794,106811,20038,37987,4175,14249,956,20.84,1.0,64.35,57.82,32.73,54.33,172961,85.77,204103,ASHIS MARJIT,INC,M,33173,9,228923,1 ASHIS MARJIT,AITC,MALE,48,93255,BJP,60682,32573,6,YES,1,0,29.3,,
67,burwan,murshidabad,GEN,273200,140448,132751,33779,64199,63240,2365,163001,90368,19188,28649,2074,14293,945,23.15,0.87,68.08,61.93,33.08,52.94,169158,83.32,194415,PROTIMA RAJAK,INC,F,15002,7,217500,1 JIBAN KRISHNA SAHA,AITC,MALE,44,81890,BJP,79141,2749,5,YES,0,0,29.3,,
68,kandi,murshidabad,GEN,294333,150775,143557,37587,66167,46718,2942,175850,94090,24144,23177,1787,25853,952,15.87,1.0,68.49,62.42,31.97,50.3,178692,80.8,208187,APURBA SARKAR (DAVID),INC,M,20780,10,238973,1 APURBA SARKAR (DAVID),AITC,MALE,57,95399,BJP,57319,38080,9,YES,1,0,29.3,,
69,bharatpur,murshidabad,GEN,303590,155628,147962,40345,68962,49127,402,170600,104611,16853,35675,7754,24373,951,16.18,0.13,64.81,59.72,34.46,50.21,181614,81.51,215850,KAMALESH CHATTERJEE (GOPAL),INC,M,11017,7,243603,1 HUMAYUN KABIR,AITC,MALE,61,96226,BJP,53143,43083,8,YES,1,0,29.3,,
70,rejinagar,murshidabad,GEN,354473,182487,171986,52950,76661,22870,563,202531,120208,21229,30214,8772,35958,942,6.45,0.16,67.17,64.31,33.91,42.8,189141,82.42,224848,RABIUL ALAM CHOWDHURY,INC,M,5560,8,259771,1 RABIUL ALAM CHOWDHURY,AITC,MALE,61,118494,BJP,50226,68268,7,YES,1,0,29.3,,
71,beldanga,murshidabad,GEN,253674,130371,123302,36586,56223,25948,2918,156428,83952,12876,23133,3064,30599,946,10.23,1.15,72.06,69.34,33.09,42.89,182630,82.09,219501,SEIKH SAFIUJJAMAN,INC,M,30281,6,252944,1 HASANUZZAMAN SK,AITC,MALE,47,112862,BJP,59030,53832,8,YES,1,0,29.3,,
72,baharampur,murshidabad,GEN,367676,188211,179464,33137,84904,45737,7349,280611,133268,6750,14412,2321,93518,954,12.44,2.0,83.88,81.56,36.25,15.88,206158,81.08,236629,MANOJ CHAKRABORTY,INC,M,92273,6,260667,1 Subrata Maitra (Kanchan),BJP,MALE,54,89340,AITC,62488,26852,8,YES,1,0,29.3,,
73,hariharpara,murshidabad,GEN,314689,160816,153873,37648,76921,17587,3242,191040,108516,26562,33633,4148,16557,957,5.59,1.03,68.96,68.35,34.48,55.47,181557,90.32,218299,NIAMOT SHEIKH,AITC,M,5003,10,247421,1 NIAMOT SHEIKH,AITC,MALE,70,102660,INC,88594,14066,12,NO,1,0,29.3,,
74,naoda,murshidabad,GEN,272525,139624,132901,33403,64237,17968,1165,163088,88584,20904,31831,2491,18638,952,6.59,0.43,68.2,67.11,32.5,59.53,183948,85.09,218399,ABU TAHER KHAN,INC,M,19262,8,247688,1 SAHINA MOMTAZ KHAN,AITC,FEMALE,55,117684,BJP,43531,74153,10,YES,1,0,29.3,,
75,domkal,murshidabad,GEN,319514,163462,156051,39430,78272,9924,864,180865,112764,22683,36516,4609,24577,955,3.11,0.27,64.58,63.88,35.29,52.5,193539,89.58,233841,ANISUR RAHAMAN,CPM,M,6890,13,266283,1 JAFIKUL ISLAM,AITC,MALE,45,127671,CPI(M),80442,47229,10,YES,1,0,29.3,,
76,jalangi,murshidabad,GEN,314481,161023,153458,41163,74955,43131,3257,182034,105897,22843,42421,3619,17777,953,13.72,1.04,66.6,64.68,33.67,61.63,192844,89.23,228358,ABDUR RAZZAK,CPM,M,25267,13,261258,1 ABDUR RAZZAK,AITC,MALE,63,123840,CPI(M),44564,79276,11,YES,1,0,29.3,,
77,karimpur,nadia,GEN,308206,158682,149524,32928,82380,47935,7131,178783,105406,22366,44096,2959,19388,942,15.55,2.31,64.95,63.29,34.2,63.05,196546,90.68,227166,MAHUA MOITRA,AITC,F,15989,9,251039,1 Bimalendu Sinha Roy,AITC,MALE,63,110911,BJP,87336,23575,8,NO,1,0,21.5,,
78,tehatta,nadia,GEN,286619,147466,139152,29223,70416,99755,5265,177463,97370,24522,38574,3612,20030,944,34.8,1.84,68.95,65.63,33.97,64.8,199458,88.44,230569,DUTTA GOURI SANKAR,AITC,M,17396,6,252454,1 Tapas Kumar Saha,AITC,MALE,61,97848,BJP,90933,6915,8,NO,1,0,21.5,,
79,palashipara,nadia,GEN,300392,154150,146242,35980,70180,45305,3258,177598,93835,27451,35633,1315,14712,949,15.08,1.08,67.17,64.65,31.24,67.23,185525,86.07,218181,TAPAS KUMAR SAHA,AITC,M,5559,8,244867,1 Dr. Manik Bhattacharya,AITC,MALE,66,110274,BJP,58938,51336,9,NO,1,0,21.5,,
80,kaliganj,nadia,GEN,318861,163747,155114,39871,74436,46534,1306,184868,98811,19235,38760,2895,22994,947,14.59,0.41,66.26,63.29,30.99,58.69,186279,84.06,217026,HASANUZZAMAN SK,INC,M,1227,9,248358,1 NASIRUDDIN AHAMED (LAL),AITC,MALE,67,111696,BJP,64709,46987,9,YES,1,0,21.5,,
81,nakashipara,nadia,GEN,290085,148761,141324,33930,69028,76612,9661,166254,95315,15538,33680,4824,24767,950,26.41,3.33,64.9,60.56,32.86,51.64,187228,87.53,221339,KALLOL KHAN,AITC,M,6250,7,247691,1 Kallol Khan,AITC,MALE,67,104812,BJP,83541,21271,9,NO,1,0,21.5,,
82,chapra,nadia,GEN,302512,155581,146930,36796,67800,48816,2021,181875,96136,24183,34164,1618,17337,944,16.14,0.67,68.45,66.28,31.78,60.69,186756,88.0,219864,RUKBANUR RAHMAN,AITC,M,13463,6,248014,1 RUKBANUR RAHMAN,AITC,MALE,52,73866,IND,61748,12118,8,NO,1,0,21.5,,
83,krishnanagar uttar,nadia,GEN,279256,142330,136926,24123,68140,80085,6801,208116,99000,8965,15113,3038,62203,962,28.68,2.44,81.57,78.2,35.45,24.32,200975,84.9,219383,ABANI MOHAN JOARDAR,AITC,M,12915,8,238220,1 MUKUL ROY,BJP,MALE,67,109357,AITC,74268,35089,8,YES,1,0,21.5,,
84,nabadwip,nadia,GEN,298163,154399,143764,28796,72146,43140,3172,205916,119948,7262,11986,19365,67673,931,14.47,1.06,76.44,71.23,40.23,16.05,200147,87.99,225935,PUNDARIKAKSHYA SAHA,AITC,M,35796,7,243159,1 PUNDARIKAKSHYA SAHA,AITC,MALE,66,102170,BJP,83599,18571,7,NO,1,0,21.5,,
85,krishnanagar dakshin,nadia,GEN,297041,152547,144494,31686,70676,77348,10629,188469,113207,15784,31633,8560,40956,947,26.04,3.58,71.03,66.1,38.11,41.89,174161,88.4,201791,UJJAL BISWAS,AITC,M,12814,6,225118,1 UJJAL BISWAS,AITC,MALE,67,91738,BJP,82433,9305,8,NO,1,0,21.5,,
86,santipur,nadia,GEN,284260,145388,138872,28140,67506,94337,7165,193810,126830,5585,10812,41654,53306,955,33.19,2.52,75.67,70.9,44.62,12.93,190634,89.83,225358,ARINDAM BHATTACHARYA,INC,M,19488,7,255619,1 JAGANNATH SARKAR,BJP,MALE,58,109722,AITC,93844,15878,8,YES,1,0,21.5,,
87,ranaghat uttar paschim,nadia,GEN,404139,206800,197339,35423,96405,127956,9855,302599,153169,11061,19832,19236,88263,954,31.66,2.44,82.07,77.98,37.9,20.17,211540,88.13,243481,SANKAR SINGHA,INC,M,23420,6,265846,1 PARTHASARATHI CHATTERJEE,BJP,MALE,67,113637,AITC,90509,23128,10,YES,1,0,21.5,,
88,krishnaganj,nadia,GEN,333060,172077,160982,32202,78517,148923,14219,230575,119661,28881,34272,5388,34877,936,44.71,4.27,76.64,71.59,35.93,52.78,210505,87.97,251773,SATYAJIT BISWAS,AITC,M,43928,8,273728,1 ASHIS KUMAR BISWAS,BJP,MALE,54,117668,AITC,96391,21277,9,YES,1,0,21.5,,
89,ranaghat uttar purba,nadia,GEN,351914,181647,170266,34117,81031,195197,11737,251428,122829,28699,32227,4902,42316,937,55.47,3.34,79.12,74.35,34.9,49.6,201195,84.75,238807,SAMIR KUMAR PODDAR,AITC,M,14972,7,264929,1 ASHIM BISWAS,BJP,MALE,45,116786,AITC,85004,31782,9,YES,1,0,21.5,,
90,ranaghat dakshin,nadia,GEN,0,0,0,0,0,0,0,0,0,0,0,0,0,,,,,,,,222418,87.3,257811,RAMA BISWAS,CPM,F,17253,9,285180,1 MUKUT MANI ADHIKARI,BJP,MALE,31,119260,AITC,102745,16515,6,YES,0,0,21.5,,
91,chakdaha,nadia,GEN,305940,157062,148877,27017,71988,108736,21547,231903,110005,14842,23655,3651,55106,948,35.54,7.04,83.14,78.49,35.96,35.0,192318,90.2,223765,KAR RATNA GHOSH,AITC,F,23653,7,245514,1 Bankim Chandra Ghosh,BJP,MALE,62,99368,AITC,87688,11680,9,YES,1,0,21.5,,
92,kalyani,nadia,GEN,336545,171497,165047,29305,80359,136441,8013,261165,120724,7255,13330,3078,79697,962,40.54,2.38,85.0,80.62,35.87,17.05,198769,90.17,232145,DR. RAMENDRA NATH BISWAS,AITC,M,26095,7,257683,1 AMBIKA ROY,BJP,MALE,48,97026,AITC,94820,2206,8,YES,1,0,21.5,,
93,haringhata,nadia,GEN,244066,125844,118222,23923,56600,95442,11088,179517,90081,17189,27624,2232,29919,939,39.11,4.54,81.55,76.1,36.91,49.75,187807,89.76,219310,NILIMA NAG (MALLICK),AITC,F,21349,8,240606,1 ASIM KUMAR SARKAR,BJP,MALE,60,97666,AITC,82466,15200,10,YES,1,0,21.5,,
94,bagdah,north twenty four parganas,GEN,310166,159978,150187,31043,73902,164815,14696,213780,118752,27297,42760,3666,28649,939,53.14,4.74,76.59,71.35,38.29,58.99,203625,85.24,258139,DULAL CHANDRA BAR,INC,M,12236,8,277464,1 Biswajit Das,BJP,MALE,54,108111,AITC,98319,9792,6,YES,1,0,20.6,,
95,bongaon uttar,north twenty four parganas,GEN,283111,145109,138002,26487,67420,112265,4549,213397,103227,14484,18234,3570,53001,951,39.65,1.61,83.16,79.03,36.46,31.7,189468,86.39,229679,BISWAJIT DAS,AITC,M,33192,8,251387,1 ASHOK KIRTANIA,BJP,MALE,47,97761,AITC,87273,10488,11,YES,1,0,20.6,,
96,bongaon dakshin,north twenty four parganas,GEN,291555,150133,141422,26413,70234,141979,8861,215379,105702,22595,32530,2635,35232,942,48.7,3.04,81.23,76.3,36.25,52.15,189044,86.38,225008,SURAJIT KUMAR BISWAS,AITC,M,26904,7,248278,1 SWAPAN MAJUMDER,BJP,MALE,39,97828,AITC,95824,2004,8,YES,1,0,20.6,,
97,gaighata,north twenty four parganas,GEN,313997,160544,153452,27744,76580,134010,7299,241644,116935,10977,22666,5428,63588,956,42.68,2.32,84.42,80.08,37.24,28.77,186186,88.45,224311,PULIN BIHARI RAY,AITC,M,29572,8,252053,1 SUBRATA THAKUR,BJP,MALE,41,100808,AITC,91230,9578,9,YES,1,0,20.6,,
98,swarupnagar,north twenty four parganas,GEN,282914,145101,137812,28955,68025,84590,690,196338,107804,22910,32730,3274,22629,950,29.9,0.24,77.31,72.99,38.11,51.61,196006,87.13,225291,BINA MANDAL,AITC,F,11941,6,246109,1 BINA MONDAL,AITC,FEMALE,45,99784,BJP,64984,34800,7,NO,1,0,20.6,,
99,baduria,north twenty four parganas,GEN,304536,155523,149013,33480,71767,49479,2406,215598,113550,16723,24440,4382,46190,958,16.25,0.79,79.54,76.04,37.29,36.25,188461,89.85,223537,ABDUR RAHIM QUAZI,INC,M,22245,6,243747,1 ABDUR RAHIM QUAZI,AITC,MALE,53,109701,BJP,53257,56444,7,YES,1,0,20.6,,
100,habra,north twenty four parganas,GEN,266659,136343,130315,24408,63953,74679,5827,209434,96222,5583,11796,3778,64218,956,28.01,2.19,86.45,83.03,36.08,18.06,180458,86.9,219299,JYOTI PRIYA MALLICK,AITC,M,45947,8,242425,1 JYOTI PRIYA MALLICK,AITC,MALE,63,90533,BJP,86692,3841,8,NO,1,0,20.6,,
101,ashoknagar,north twenty four parganas,GEN,314393,160070,154323,30666,76292,68373,6686,241984,113984,12016,19644,4434,62465,964,21.75,2.13,85.29,81.7,36.26,27.78,193115,88.34,227073,DHIMAN ROY,AITC,M,22899,8,257180,1 NARAYAN GOSWAMI,AITC,MALE,51,93587,BJP,70055,23532,9,NO,1,0,20.6,,
102,amdanga,north twenty four parganas,GEN,357527,183161,174365,38187,83249,68123,4700,263630,129590,15443,24404,4209,66384,952,19.05,1.31,82.55,79.05,36.25,30.75,177905,91.12,216064,RAFIQUR RAHAMAN,AITC,M,22965,8,242462,1 RAFIQUR RAHAMAN,AITC,MALE,60,88935,BJP,63455,25480,10,NO,1,0,20.6,,
103,bijpur,north twenty four parganas,GEN,0,0,0,0,0,0,0,0,0,0,0,0,0,,,,,,,,158823,80.09,179608,SUBHRANSHU ROY,AITC,M,47954,8,192316,1 SUBODH ADHIKARY,AITC,MALE,48,66625,BJP,53278,13347,8,NO,1,0,20.6,,
104,naihati,north twenty four parganas,GEN,0,0,0,0,0,0,0,0,0,0,0,0,0,,,,,,,,153264,85.84,180923,PARTHA BHOWMICK,AITC,M,28628,9,193930,1 PARTHA BHOWMICK,AITC,MALE,57,77753,BJP,58898,18855,6,NO,1,0,20.6,,
105,bhatpara,north twenty four parganas,GEN,0,0,0,0,0,0,0,0,0,0,0,0,0,,,,,,,,123505,76.42,144737,ARJUN SINGH,AITC,M,28935,8,154037,1 PAWAN KUMAR SINGH,BJP,MALE,33,57244,AITC,43557,13687,10,YES,1,0,20.6,,
106,jagatdal,north twenty four parganas,GEN,0,0,0,0,0,0,0,0,0,0,0,0,0,,,,,,,,172874,85.01,208153,PARASH DUTTA,AITC,M,27045,8,233871,1 SOMENATH SHYAM ICHINI,AITC,MALE,50,87030,BJP,68666,18364,13,NO,1,0,20.6,,
107,noapara,north twenty four parganas,GEN,269777,138148,131628,20186,63078,49195,3492,226758,89080,122,269,1644,79182,953,18.24,1.29,90.85,87.88,33.02,0.44,205070,82.98,242190,MADHUSUDAN GHOSE,INC,M,1095,6,262153,1 MANJU BASU,AITC,FEMALE,68,94203,BJP,67493,26710,11,YES,1,0,20.6,,
108,barrackpur,north twenty four parganas,GEN,0,0,0,0,0,0,0,0,0,0,0,0,0,,,,,,,,170241,77.86,201231,SILBHADRA DATTA,AITC,M,7319,7,215356,1 RAJU CHAKRABORTY (RAJ),AITC,MALE,46,68887,BJP,59665,9222,6,NO,0,0,20.6,,
109,khardaha,north twenty four parganas,GEN,0,0,0,0,0,0,0,0,0,0,0,0,0,,,,,,,,169661,87.26,204874,AMIT MITRA,AITC,M,21200,6,232619,1 KAJAL SINHA,AITC,MALE,59,89807,BJP,61667,28140,7,NO,1,0,20.6,,
110,dum dum uttar,north twenty four parganas,GEN,0,0,0,0,0,0,0,0,0,0,0,0,0,,,,,,,,204245,86.82,240100,TANMOY BHATTACHARYA,CPM,M,6549,5,273015,1 CHANDRIMA BHATTACHARYA,AITC,FEMALE,66,95465,BJP,66966,28499,7,YES,1,0,20.6,,
111,panihati,north twenty four parganas,GEN,0,0,0,0,0,0,0,0,0,0,0,0,0,,,,,,,,186741,81.17,209894,NIRMAL GHOSH,AITC,M,3030,6,230748,1 NIRMAL GHOSH,AITC,MALE,72,86495,BJP,61318,25177,7,NO,1,0,20.6,,
112,kamarhati,north twenty four parganas,GEN,298545,153962,144582,22919,63384,10946,2989,241637,97747,439,513,2382,83209,939,3.67,1.0,87.67,84.93,32.74,0.97,161809,79.07,184281,MANASH MUKHERJEE,CPM,M,4198,12,197103,1 MADAN MITRA,AITC,MALE,66,73845,BJP,38437,35408,10,YES,1,0,20.6,,
113,baranagar,north twenty four parganas,GEN,276878,142517,134361,19255,70109,13884,1700,234408,102172,266,396,2827,90865,943,5.01,0.61,90.99,88.54,36.9,0.65,186723,79.48,203781,TAPAS ROY,AITC,M,16100,6,217774,1 TAPAS ROY,AITC,MALE,65,85615,BJP,50468,35147,7,NO,1,0,20.6,,
114,dum dum,north twenty four parganas,GEN,0,0,0,0,0,0,0,0,0,0,0,0,0,,,,,,,,199321,80.84,220783,BRATYA BASU,AITC,M,9316,6,247858,1 BRATYA BASU,AITC,MALE,52,87999,BJP,61268,26731,9,NO,1,0,20.6,,
115,rajarhat new town,north twenty four parganas,GEN,0,0,0,0,0,0,0,0,0,0,0,0,0,,,,,,,,184101,89.11,235946,SABYA SACHI DUTTA,AITC,M,9193,7,289075,1 TAPASH CHATTERJEE,AITC,MALE,59,127374,BJP,70942,56432,7,NO,1,0,20.6,,
116,bidhannagar,north twenty four parganas,GEN,0,0,0,0,0,0,0,0,0,0,0,0,0,,,,,,,,200265,74.36,226897,SUJIT BOSE,AITC,M,6988,10,243360,1 SUJIT BOSE S/O - LATE AJIT BOSE,AITC,MALE,58,75912,BJP,67915,7997,10,NO,1,0,20.6,,
117,rajarhat gopalpur,north twenty four parganas,GEN,345230,174579,170650,29673,86863,65295,3939,284369,128923,361,375,2022,118249,977,18.91,1.14,90.12,87.62,37.34,0.57,192748,78.03,229140,PURNENDU BASU,AITC,M,6874,6,257447,1 ADITI MUNSHI,AITC,FEMALE,32,87650,BJP,62354,25296,13,NO,1,0,20.6,,
118,madhyamgram,north twenty four parganas,GEN,327270,166613,160656,32038,77453,39109,5438,253189,114992,5432,6275,2735,89634,964,11.95,1.66,85.76,82.52,35.14,10.18,197211,88.57,239765,RATHIN GHOSH,AITC,M,35804,5,272397,1 RATHIN GHOSH,AITC,MALE,63,112741,BJP,64615,48126,7,NO,1,0,20.6,,
119,barasat,north twenty four parganas,GEN,302253,153105,149148,25399,74894,54505,3967,245608,105447,918,1295,2966,91238,974,18.03,1.31,88.71,86.02,34.89,2.1,211207,84.51,248132,CHIRANJEET CHAKRABARTI,AITC,M,24999,7,279592,1 CHIRANJEET CHAKRABARTI,AITC,MALE,70,104431,BJP,80648,23783,10,NO,1,0,20.6,,
120,deganga,north twenty four parganas,GEN,320756,164050,156706,39469,72627,33329,2177,222020,112573,19056,27030,3662,37319,955,10.39,0.68,78.93,75.96,35.1,40.94,175793,90.3,215780,RAHIMA MONDAL,AITC,F,25990,8,242652,1 RAHIMA MONDAL,AITC,FEMALE,51,100105,RSSCMJP,67568,32537,8,NO,1,0,20.6,,
121,haroa,north twenty four parganas,GEN,313349,162286,151063,39571,68330,50575,13728,209310,105635,14770,27275,2341,40689,931,16.14,4.38,76.45,71.79,33.71,39.8,186630,89.86,231183,ISLAM SK. NURUL (HAJI),AITC,M,42407,5,259206,1 ISLAM SK NURUL (HAJI),AITC,MALE,57,130398,RSSCMJP,49420,80978,7,NO,1,0,20.6,,
122,minakhan,north twenty four parganas,GEN,366229,188015,178214,51368,78535,100073,20375,227426,124627,19172,33190,3604,33098,948,27.33,5.56,72.23,66.51,34.03,42.02,164562,91.88,209028,USHA RANI MONDAL,AITC,F,42598,5,236528,1 USHA RANI MONDAL,AITC,FEMALE,47,109818,BJP,53988,55830,4,NO,1,0,20.6,,
123,sandeshkhali,north twenty four parganas,GEN,329337,167764,161572,45273,75295,122483,77245,201754,125937,14351,31605,1557,27754,963,37.19,23.45,71.02,63.19,38.24,36.49,172416,89.83,215194,SUKUMAR MAHATA,AITC,M,38190,8,238633,1 SUKUMAR MAHATA,AITC,MALE,44,112450,BJP,72765,39685,7,NO,0,0,20.6,,
124,basirhat dakshin,north twenty four parganas,GEN,339530,172662,166868,36373,77402,59721,2027,239380,122626,9013,14304,6724,76910,966,17.59,0.6,78.96,75.27,36.12,19.02,213441,87.33,249807,DIPENDU BISWAS (MITHU),AITC,M,24058,9,275934,1 DR. SAPTARSHI BANERJEE,AITC,MALE,40,115873,BJP,91405,24468,7,NO,0,0,20.6,,
125,basirhat uttar,north twenty four parganas,GEN,337710,172913,164796,41182,77241,43269,9768,225013,121208,12854,28661,5621,50180,953,12.81,2.89,75.88,72.15,35.89,34.25,193135,86.65,238670,RAFIKUL ISLAM MONDAL,CPM,M,492,5,268034,1 RAFIKUL ISLAM MONDAL,AITC,MALE,61,137216,RSSCMJP,47865,89351,6,YES,0,0,20.6,,
126,hingalganj,north twenty four parganas,GEN,294522,150440,144082,33186,75084,166638,23605,196717,121946,12826,28201,7720,25628,958,56.58,8.01,75.27,67.75,41.4,33.64,185015,86.16,212172,DEBES MANDAL,AITC,M,30304,6,228508,1 DEBES MANDAL,AITC,MALE,56,104706,BJP,79790,24916,7,NO,0,0,20.6,,
127,gosaba,south twenty four parganas,GEN,249128,127073,122055,29149,58228,145633,20760,172589,108309,14341,21687,1423,12745,961,58.46,8.33,78.46,70.75,43.48,33.27,180768,85.58,211897,JAYANTA NASKAR,AITC,M,19671,8,230348,1 JAYANTA NASKAR,AITC,MALE,73,105723,BJP,82014,23709,6,NO,0,0,25.5,,
128,basanti,south twenty four parganas,GEN,329282,167562,161720,50058,68992,116060,19660,189981,128717,18036,26936,3644,21363,965,35.25,5.97,68.04,60.34,39.09,34.94,182806,81.26,225157,GOBINDA CHANDRA NASKAR,AITC,M,16607,6,260681,1 SHYAMAL MONDAL,AITC,MALE,56,111453,BJP,60811,50642,7,NO,0,0,25.5,,
129,kultali,south twenty four parganas,GEN,294356,150911,143445,45890,58342,118422,6943,171764,116042,19103,23963,3913,14992,951,40.23,2.36,69.13,59.36,39.42,37.11,187950,89.0,230180,RAM SANKAR HALDER,CPM,M,11720,8,265561,1 Ganesh Chandra Mondal,AITC,MALE,40,117238,BJP,70061,47177,10,YES,0,0,25.5,,
130,patharpratima,south twenty four parganas,GEN,320709,163724,156985,40823,67621,73125,2951,228578,135521,16415,22862,1583,21080,959,22.8,0.92,81.67,74.86,42.26,28.98,199486,91.36,236841,SAMIR KUMAR JANA,AITC,M,13793,5,263675,1 SAMIR KUMAR JANA,AITC,MALE,71,120181,BJP,98047,22134,6,NO,0,0,25.5,,
131,kakdwip,south twenty four parganas,GEN,297980,152216,145763,35837,64566,100980,1547,209427,107371,11799,14719,1898,37382,958,33.89,0.52,79.89,73.53,36.03,24.7,180377,91.03,217094,MANTURAM PAKHIRA,AITC,M,24919,7,247826,1 MANTURAM PAKHIRA,AITC,MALE,57,114493,BJP,89191,25302,6,NO,0,0,25.5,,
132,sagar,south twenty four parganas,GEN,336742,173179,163562,41005,71967,88945,1469,251076,129983,22071,22358,1729,27553,944,26.41,0.44,84.9,78.3,38.6,34.18,203625,91.9,243055,BANKIM CHANDRA HAZRA,AITC,M,18071,7,274715,1 BANKIM CHANDRA HAZRA,AITC,MALE,71,129000,BJP,99154,29846,5,NO,0,0,25.5,,
133,kulpi,south twenty four parganas,GEN,301298,154088,147210,42035,62482,87374,419,195835,99040,6854,16564,3074,29895,955,29.0,0.14,75.54,68.9,32.87,23.65,164733,86.68,194927,JOGARANJAN HALDER,AITC,M,11455,7,220144,1 JOGARANJAN HALDER,AITC,MALE,67,96577,BJP,62759,33818,6,NO,0,0,25.5,,
134,raidighi,south twenty four parganas,GEN,309536,159139,150397,39322,64198,88713,4475,207829,112513,15404,23153,3673,25436,945,28.66,1.45,76.91,69.43,36.35,34.27,207140,90.47,243711,DEBASREE ROY,AITC,F,1229,10,273558,1 ALOKE JALDATA,AITC,MALE,54,115707,BJP,80139,35568,8,NO,0,0,25.5,,
135,mandirbazar,south twenty four parganas,GEN,252124,129470,122653,33666,53947,114048,112,166588,83780,5215,11521,2366,32305,947,45.23,0.04,76.26,68.64,33.23,19.98,181170,85.95,206590,HALDER JOYDEB,AITC,M,24939,9,229129,1 JOYDEB HALDER,AITC,MALE,45,95834,BJP,72342,23492,11,NO,0,0,25.5,,
136,jaqynagar,south twenty four parganas,GEN,271900,139081,132818,38762,55338,80877,200,171005,93495,8132,12408,5011,36444,955,29.75,0.07,73.35,66.34,34.39,21.97,174871,82.91,211270,BISWANATH DAS,AITC,M,15051,11,239968,1 BISWANATH DAS,AITC,MALE,55,104952,BJP,66269,38683,10,NO,0,0,25.5,,
137,baruipur purba,south twenty four parganas,GEN,358588,184175,174412,48074,77044,165164,918,226351,124819,11731,22530,5670,47246,947,46.06,0.26,72.9,65.27,34.81,27.45,189023,84.78,222583,NIRMAL CHANDRA MONDAL,AITC,M,20362,8,265091,1 BIVAS SARDAR (VOBO),AITC,MALE,45,123243,BJP,73602,49641,8,NO,0,0,25.5,,
138,canning paschim,south twenty four parganas,GEN,331409,168610,162798,49333,69251,142451,3713,196448,116193,11054,16278,4507,45307,966,42.98,1.12,69.64,62.08,35.06,23.52,177849,86.16,222418,SHYAMAL MONDAL,AITC,M,18726,7,257681,1 Paresh Ram Das,AITC,MALE,43,111059,BJP,75816,35243,8,NO,0,0,25.5,,
139,canning purba,south twenty four parganas,GEN,381715,194700,187015,59976,77379,96361,16198,221977,126898,16688,29871,2586,32252,961,25.24,4.24,68.99,62.68,33.24,36.69,173009,90.61,220662,SAOKAT MOLLA,AITC,M,55034,5,262349,1 SAOKAT MOLLA,AITC,MALE,49,122301,RSSCMJP,69294,53007,6,NO,1,0,25.5,,
140,baruipur paschim,south twenty four parganas,GEN,253757,129291,124465,25116,59439,87279,448,186964,90785,6685,7763,2121,54247,963,34.39,0.18,81.77,77.02,35.78,15.92,181548,84.46,212898,BIMAN BANERJEE,AITC,M,36532,8,253749,1 BIMAN BANERJEE,AITC,MALE,72,121006,BJP,59096,61910,9,NO,1,0,25.5,,
141,magrahat purba,south twenty four parganas,GEN,313827,161285,152541,42259,65130,105041,219,209202,104393,8086,11775,6797,48080,946,33.47,0.07,77.04,70.4,33.26,19.03,177554,85.27,212019,NAMITA SAHA .,AITC,F,9560,7,242530,1 NAMITA SAHA,AITC,FEMALE,68,110945,BJP,56866,54079,8,NO,1,0,25.5,,
142,magrahat paschim,south twenty four parganas,GEN,298046,152947,145099,43608,60099,64913,95,186493,95299,6820,9707,8257,38570,949,21.78,0.03,73.3,67.41,31.97,17.34,169168,83.93,201242,GIAS UDDIN MOLLA,AITC,M,15889,11,229437,1 GIAS UDDIN MOLLA,AITC,MALE,64,97006,BJP,50065,46941,11,NO,1,0,25.5,,
143,diamond harbour,south twenty four parganas,GEN,301416,153921,147495,36904,66924,66563,139,206200,106147,5331,10124,3136,58371,958,22.08,0.05,77.96,72.77,35.22,14.56,192505,85.39,226308,DIPAK KUMAR HALDER,AITC,M,15037,11,255132,1 PANNALAL HALDER,AITC,MALE,70,98478,BJP,81482,16996,12,NO,1,0,25.5,,
144,falta,south twenty four parganas,GEN,300924,153798,147125,34856,68738,73571,110,205624,107720,6960,14603,4927,50309,957,24.45,0.04,77.28,71.2,35.8,20.02,182605,85.65,212340,TAMONASH GHOSH,AITC,M,23580,8,236768,1 SANKAR KUMAR NASKAR,AITC,MALE,68,117179,BJP,76405,40774,11,NO,1,0,25.5,,
145,satgachia,south twenty four parganas,GEN,292536,149641,142894,31714,67663,45841,333,210963,108984,6339,13366,10745,52274,955,15.67,0.11,80.88,75.68,37.25,18.08,214998,85.35,244474,SONALI GUHA (BOSE),AITC,F,17272,7,270193,1 MOHAN CHANDRA NASKAR,AITC,MALE,60,118635,BJP,95317,23318,7,NO,1,0,25.5,,
146,bishnupur sc,south twenty four parganas,GEN,338606,173047,165559,39604,75996,134303,162,236627,123023,7574,10128,12704,64678,957,39.66,0.05,79.14,72.85,36.33,14.39,210599,84.49,248769,DILIP MONDAL,AITC,M,30630,7,278650,1 DILIP MONDAL,AITC,MALE,54,136509,BJP,77677,58832,6,NO,1,0,25.5,,
147,sonarpur dakshin,south twenty four parganas,GEN,0,0,0,0,0,0,0,0,0,0,0,0,0,,,,,,,,202701,83.82,247193,JIBAN MUKHOPADHYAY,AITC,M,15029,9,288263,1 ARUNDHUTI MAITRA (LOVELY),AITC,FEMALE,30,109222,BJP,83041,26181,15,NO,1,0,25.5,,
148,bhangore,south twenty four parganas,GEN,290796,149660,141135,40660,59852,57540,2591,186579,98957,19773,17669,4393,38427,943,19.79,0.89,74.59,70.51,34.03,37.84,187372,92.83,234029,ABDUR RAZZAK MOLLA,AITC,M,18124,7,271897,1 MD. NAWSAD SIDDIQUE,RSSCMJP,MALE,28,109237,AITC,83086,26151,8,YES,1,0,25.5,,
149,kasba,south twenty four parganas,GEN,0,0,0,0,0,0,0,0,0,0,0,0,0,,,,,,,,224955,77.45,267233,AHMED JAVED KHAN-&#203;&QUOT;,AITC,M,11884,11,306266,1 AHMED JAVED KHAN,AITC,MALE,64,121372,BJP,57750,63622,10,NO,1,0,25.5,,
150,jadavpur,south twenty four parganas,GEN,0,0,0,0,0,0,0,0,0,0,0,0,0,,,,,,,,253932,78.41,273803,SUJAN CHAKRABORTY,CPM,M,14942,10,299818,1 DEBABRATA MAJUMDAR (MALAY),AITC,MALE,56,98100,CPI(M),59231,38869,12,YES,1,0,25.5,,
151,sonarpur uttar,south twenty four parganas,GEN,0,0,0,0,0,0,0,0,0,0,0,0,0,,,,,,,,197582,82.38,247027,FIRDOUSI BEGUM,AITC,F,24880,9,300330,1 FIRDOUSI BEGUM,AITC,FEMALE,42,119957,BJP,83867,36090,9,NO,1,0,25.5,,
152,tollygunj,south twenty four parganas,GEN,0,0,0,0,0,0,0,0,0,0,0,0,0,,,,,,,,234411,78.08,257702,AROOP BISWAS,AITC,M,9896,9,269713,1 AROOP BISWAS,AITC,MALE,57,101440,BJP,51360,50080,13,NO,1,0,25.5,,
153,behala purba,south twenty four parganas,GEN,0,0,0,0,0,0,0,0,0,0,0,0,0,,,,,,,,243394,79.79,278062,SOVAN CHATTERJEE,AITC,M,24294,9,308285,1 Ratna Chatterjee,AITC,FEMALE,49,110968,BJP,73540,37428,12,NO,1,0,25.5,,
154,behala paschim,south twenty four parganas,GEN,0,0,0,0,0,0,0,0,0,0,0,0,0,,,,,,,,260955,77.87,294404,PARTHA CHATTERJEE,AITC,M,8896,9,313198,1 PARTHA CHATTERJEE,AITC,MALE,68,114778,BJP,63894,50884,9,NO,1,0,25.5,,
155,maheshtala,south twenty four parganas,GEN,369662,189380,180282,38281,83705,49643,1502,271660,134774,449,436,12706,102665,952,13.43,0.41,81.98,78.34,36.46,0.66,214985,81.73,242100,KASTURI DAS,AITC,F,12452,6,271007,1 DULAL CHANDRA DAS,AITC,MALE,76,124008,BJP,66059,57949,7,NO,1,0,25.5,,
156,budge budge,south twenty four parganas,GEN,327127,167781,159345,34814,76531,59611,1232,236255,116363,2077,6292,5948,71532,950,18.22,0.38,80.82,76.25,35.57,7.19,199778,83.8,228889,ASHOK KUMAR DEB,AITC,M,7159,9,256136,1 ASHOK KUMAR DEB,AITC,MALE,71,122357,BJP,77643,44714,9,NO,1,0,25.5,,
157,metiaburuz,south twenty four parganas,GEN,0,0,0,0,0,0,0,0,0,0,0,0,0,,,,,,,,182250,72.96,223690,ABDUL KHALEQUE MOLLA,AITC,M,17976,7,256315,1 ABDUL KHALEQUE MOLLA,AITC,MALE,76,151066,BJP,31462,119604,11,NO,1,0,25.5,,
158,kolkata port,,GEN,0,0,0,0,0,0,0,0,0,0,0,0,0,,,,,,,,199234,65.92,217685,FIRHAD HAKIM,AITC,M,26548,12,235933,1 Firhad Hakim,AITC,MALE,62,105543,BJP,36989,68554,11,NO,0,0,,,
159,bhabanipur,,GEN,0,0,0,0,0,0,0,0,0,0,0,0,0,,,,,,,,212821,63.78,205713,MAMATA BANERJEE,AITC,F,25301,12,206389,1 Sobhandeb Chattopadhyay,AITC,MALE,77,73505,BJP,44786,28719,10,NO,1,0,,,
160,rashbehari,,GEN,0,0,0,0,0,0,0,0,0,0,0,0,0,,,,,,,,200423,67.67,205943,SOBHANDEB CHATTOPADHYAY,AITC,M,14553,8,206013,1 DEBASISH KUMAR,AITC,MALE,61,65704,BJP,44290,21414,13,NO,1,0,,,
161,ballygunge,,GEN,0,0,0,0,0,0,0,0,0,0,0,0,0,,,,,,,,219835,66.16,241079,SUBRATA MUKHERJEE,AITC,M,15225,9,247662,1 Subrata Mukherjee,AITC,MALE,74,106585,BJP,31226,75359,12,NO,1,0,,,
162,chowrangee,,GEN,0,0,0,0,0,0,0,0,0,0,0,0,0,,,,,,,,203052,54.43,207400,NAYNA BANDYOPADHYAY,AITC,F,13216,9,208201,1 BANDYOPADHYAY NAYNA,AITC,FEMALE,52,70101,BJP,24757,45344,12,NO,1,0,,,
163,entally,,GEN,0,0,0,0,0,0,0,0,0,0,0,0,0,,,,,,,,194107,69.55,206471,SWARNA KAMAL SAHA,AITC,M,27988,11,230814,1 Swarna Kamal Saha,AITC,MALE,72,101709,BJP,43452,58257,16,NO,1,0,,,
164,beleghata,,GEN,0,0,0,0,0,0,0,0,0,0,0,0,0,,,,,,,,229927,70.55,241965,PARESH PAUL,AITC,M,26179,7,250881,1 PARESH PAUL,AITC,MALE,75,103182,BJP,36042,67140,14,NO,1,0,,,
165,jorasanko,,GEN,0,0,0,0,0,0,0,0,0,0,0,0,0,,,,,,,,203439,55.75,194757,SMITA BAKSHI,AITC,F,6290,12,197950,1 VIVEK GUPTA,AITC,MALE,45,52123,BJP,39380,12743,11,NO,1,0,,,
166,shyampukur,,GEN,0,0,0,0,0,0,0,0,0,0,0,0,0,,,,,,,,185859,67.69,171045,SHASHI PANJA,AITC,F,13155,10,176557,1 Dr. SHASHI PANJA,AITC,FEMALE,58,55785,BJP,33265,22520,13,NO,1,0,,,
167,maniktala,,GEN,0,0,0,0,0,0,0,0,0,0,0,0,0,,,,,,,,203191,72.98,207442,SADHAN PANDE,AITC,M,25311,8,211308,1 Sadhan Pande,AITC,MALE,70,67577,BJP,47339,20238,12,NO,1,0,,,
168,kashipur belgachia,,GEN,0,0,0,0,0,0,0,0,0,0,0,0,0,,,,,,,,210566,67.32,221148,MALA SAHA,AITC,F,25810,8,223714,1 Atin Ghosh,AITC,MALE,62,76182,BJP,40792,35390,10,NO,1,0,,,
169,bally,haora,GEN,293373,156911,136462,30479,55619,7161,1348,233702,108152,619,335,1517,92448,870,2.44,0.46,88.9,86.48,36.87,0.88,142634,73.78,159941,BAISHALI DALMIYA,AITC,F,15403,14,176197,1 RANA CHATTERJEE,AITC,MALE,48,53347,BJP,47110,6237,12,NO,1,0,21.2,,
170,howrah uttar,haora,GEN,0,0,0,0,0,0,0,0,0,0,0,0,0,,,,,,,,172171,72.52,198230,LAXMI RATAN SHUKLA,AITC,M,26959,16,218547,1 GAUTAM CHOWDHURI,AITC,MALE,48,71575,BJP,66053,5522,14,NO,1,0,21.2,,
171,howrah madhya,haora,GEN,0,0,0,0,0,0,0,0,0,0,0,0,0,,,,,,,,224536,74.11,245161,ARUP ROY (APU),AITC,M,52994,13,266542,"1 Arup Roy, S/o Late Prabhat Roy",AITC,MALE,65,111554,BJP,65007,46547,14,NO,1,0,21.2,,
172,shibpur,haora,GEN,279209,145484,133724,23671,63286,9079,865,226693,102926,231,261,3130,89419,919,3.25,0.31,88.71,86.15,36.86,0.48,197987,82.31,216988,JATU LAHIRI,AITC,M,27014,8,233676,1 Manoj Tiwary,AITC,MALE,35,92372,BJP,59769,32603,11,NO,1,0,21.2,,
173,howrah dakshin,haora,GEN,0,0,0,0,0,0,0,0,0,0,0,0,0,,,,,,,,234521,76.94,266645,BRAJAMOHAN MAJUMDER,AITC,M,16194,11,294243,1 NANDITA CHOWDHURY,AITC,FEMALE,60,116839,BJP,66270,50569,13,NO,0,0,21.2,,
174,sankrail,haora,GEN,0,0,0,0,0,0,0,0,0,0,0,0,0,,,,,,,,211354,81.39,244188,SITAL KUMAR SARDAR,AITC,M,14757,9,277076,1 PRIYA PAUL,AITC,FEMALE,50,111888,BJP,71461,40427,9,NO,1,0,21.2,,
175,panchla,haora,GEN,329473,168817,160655,40795,67453,59026,90,229391,130345,3973,5765,47727,46465,952,17.92,0.03,79.46,75.26,39.56,7.47,206662,81.02,235296,GULSAN MULLICK,AITC,M,31927,7,266183,1 GULSAN MULLICK,AITC,MALE,63,104572,BJP,71821,32751,6,NO,1,0,21.2,,
176,uluberia purba,haora,GEN,290031,148781,141249,35170,61728,40033,283,204502,102389,814,2603,23847,56741,949,13.8,0.1,80.24,76.46,35.3,3.34,176922,83.97,205989,HAIDER AZIZ SAFWI,AITC,M,16269,13,233764,1 BIDESH RANJAN BOSE,AITC,MALE,67,86526,BJP,69400,17126,8,NO,1,0,21.2,,
177,uluberia uttar,haora,GEN,283780,145108,138672,35283,60729,96662,115,193473,100156,7357,14086,15949,42159,956,34.06,0.04,77.86,72.67,35.29,21.41,170752,85.45,199453,DR. NIRMAL MAJI,AITC,M,14182,10,224423,1 Dr. Nirmal Maji,AITC,MALE,60,91501,BJP,70498,21003,8,NO,1,0,21.2,,
178,uluberia dakshin,haora,GEN,261235,133197,128037,34427,56247,61048,359,175256,94660,7232,14252,10573,32041,961,23.37,0.14,77.27,72.42,36.24,22.7,174596,85.41,207700,PULAK ROY,AITC,M,35344,6,237620,1 PULAK ROY,AITC,MALE,55,101880,BJP,73442,28438,8,NO,1,0,21.2,,
179,shyampur,haora,GEN,314979,160815,154163,35341,72623,38234,212,225573,114439,9020,18632,4911,44345,959,12.14,0.07,80.67,75.59,36.33,24.16,208848,84.13,237075,KALIPADA MANDAL,AITC,M,26586,8,257593,1 KALIPADA MANDAL,AITC,MALE,76,114804,BJP,83293,31511,7,NO,1,0,21.2,,
180,bagnan,haora,GEN,278080,142818,135262,31953,61093,26979,797,206451,103750,6630,13201,4551,53144,947,9.7,0.29,83.88,79.6,37.31,19.12,180651,85.58,210509,ARUNAVA SEN(RAJA),AITC,M,30197,10,231216,1 Arunava Sen (Raja),AITC,MALE,45,106042,BJP,75922,30120,8,NO,1,0,21.2,,
181,amta,haora,GEN,331276,170441,160835,38358,71769,75287,417,239099,120634,11168,16860,7242,56642,944,22.73,0.13,81.63,76.45,36.41,23.23,206749,82.47,237254,ASIT MITRA,INC,M,4504,7,261881,1 SUKANTA KUMAR PAUL,AITC,MALE,41,102445,BJP,76240,26205,8,YES,1,0,21.2,,
182,udaynarayanpur,haora,GEN,269008,138163,130845,27544,60539,62721,664,196695,110661,12375,17846,10111,49963,947,23.32,0.25,81.46,75.84,41.14,27.31,190753,87.44,216283,SAMIR KUMAR PANJA,AITC,M,23758,8,235467,1 SAMIR KUMAR PANJA,AITC,MALE,55,101510,BJP,87512,13998,6,NO,1,0,21.2,,
183,jagatballavpur,haora,GEN,404386,205890,198495,43792,88480,88095,3176,291942,159657,5532,8820,29325,93203,964,21.79,0.79,80.96,77.1,39.48,8.99,225661,84.0,256154,MD. ABDUL GHANI,AITC,M,24681,10,288158,1 SITANATH GHOSH,AITC,MALE,67,116562,BJP,87366,29196,6,NO,1,0,21.2,,
184,domjur,haora,GEN,0,0,0,0,0,0,0,0,0,0,0,0,0,,,,,,,,216676,86.31,259741,RAJIB BANERJEE,AITC,M,107701,9,299250,1 KALYAN GHOSH,AITC,MALE,60,130499,BJP,87879,42620,15,NO,1,0,21.2,,
185,uttarpara,hugli,GEN,330161,169074,161087,25966,83453,29048,1905,275162,121850,268,597,2476,107882,953,8.8,0.58,90.46,87.63,36.91,0.71,217099,80.77,242165,PRABIR KUMAR GHOSAL,AITC,M,12000,6,259814,1 KANCHAN MULLICK,AITC,MALE,50,93878,BJP,57889,35989,6,NO,1,0,19.9,,
186,sreerampur,hugli,GEN,199098,104279,94818,18648,46039,18136,1052,158069,70962,704,644,1497,59846,909,9.11,0.53,87.6,83.61,35.64,1.9,207798,73.94,230977,DR. SUDIPTA ROY,AITC,M,9907,7,252758,1 DR. SUDIPTO ROY,AITC,MALE,72,93021,BJP,69588,23433,8,NO,1,0,19.9,,
187,champdani,hugli,GEN,362686,188760,173925,31809,84701,33560,1476,284690,129838,806,1058,2274,110426,921,9.25,0.41,86.04,82.2,35.8,1.44,209316,77.31,239803,ABDUL MANNAN,INC,M,7282,5,263372,1 ARINDAM GUIN (BUBAI),AITC,MALE,44,100972,BJP,70894,30078,8,YES,1,0,19.9,,
188,singur,hugli,GEN,309950,157320,152629,27501,73128,51309,5331,236638,119213,15945,12648,9361,65373,970,16.55,1.72,83.78,79.24,38.46,23.99,205596,85.18,231103,RABINDRANATH BHATTACHARYA    E,AITC,M,20327,7,246867,1 BECHARAM MANNA,AITC,MALE,50,101077,BJP,75154,25923,5,NO,1,0,19.9,,
189,chandannagore,hugli,GEN,271789,139050,132738,21685,65443,35181,1792,221207,96868,812,947,1424,84341,955,12.94,0.66,88.45,84.85,35.64,1.82,200388,79.21,214035,INDRANIL SEN E,AITC,M,2114,6,229572,1 INDRANIL SEN,AITC,MALE,55,86778,BJP,55749,31029,9,NO,1,0,19.9,,
190,chunchura,hugli,GEN,349457,176746,172710,28210,85147,74987,8589,280104,135038,3370,6713,2998,103623,977,21.46,2.46,87.19,83.36,38.64,7.47,263852,84.76,294743,ASIT MAZUMDER (TAPAN),AITC,M,29684,6,314274,1 Asit Mazumder (Tapan),AITC,MALE,63,117104,BJP,98687,18417,10,NO,1,0,19.9,,
191,balagarh,hugli,GEN,370734,189608,181126,34887,89288,138219,25634,264914,148186,16527,33169,4462,61986,955,37.28,6.91,78.88,73.17,39.97,33.54,207853,88.48,237968,ASHIM KUMAR MAJHI,AITC,M,17837,6,258955,1 MANORANJAN BAPARI,AITC,MALE,55,100364,BJP,94580,5784,5,NO,1,0,19.9,,
192,pandua,hugli,GEN,310540,156497,154042,31276,72763,100091,47006,211685,140660,14062,40381,3252,36826,984,32.23,15.14,75.8,69.38,45.3,38.71,207334,87.74,245026,AMJAD HOSSAIN SK.,CPM,M,1392,8,270503,1 Dr. Ratna De Nag,AITC,FEMALE,71,102874,BJP,71016,31858,8,YES,1,0,19.9,,
193,saptagram,hugli,GEN,204408,103980,100427,20528,47649,66560,15438,142620,86223,9605,23269,2023,29323,966,32.56,7.55,77.56,71.3,42.18,38.13,186882,85.56,214875,TAPAN DASGUPTA,AITC,M,18567,6,234840,1 TAPAN DASGUPTA,AITC,MALE,65,93328,BJP,83556,9772,9,NO,1,0,19.9,,
194,chanditala,hugli,GEN,298572,151303,147268,30308,67553,42737,458,226869,107075,4406,6181,4964,77801,973,14.31,0.15,84.57,80.67,35.86,9.89,202047,81.55,240383,SWATI  KHANDOKER,AITC,F,14176,7,263257,1 SWATI KHANDOKER,AITC,FEMALE,54,103118,BJP,61771,41347,6,NO,1,0,19.9,,
195,jangipara,hugli,GEN,291092,147164,143928,30595,63797,85622,10604,209542,118615,14430,28149,11241,39713,978,29.41,3.64,80.44,74.81,40.75,35.9,203459,84.82,234350,SNEHASIS CHAKRABORTY,AITC,M,23605,6,257025,1 SNEHASIS CHAKRABORTY,AITC,MALE,51,101885,BJP,83959,17926,8,NO,1,0,19.9,,
196,haripal,hugli,GEN,288991,145794,143197,28934,66285,76704,17884,206147,114549,17508,29083,4863,38284,982,26.54,6.19,79.27,73.4,39.64,40.67,214029,85.4,246588,BECHARAM MANNA E,AITC,M,31475,7,269649,1 Dr. Karabi Manna,AITC,FEMALE,46,110215,BJP,87143,23072,6,NO,1,0,19.9,,
197,dhanekhali,hugli,GEN,321155,161527,159628,31528,77588,105330,49881,217336,146068,22816,51399,3441,27771,988,32.8,15.53,75.04,68.11,45.48,50.81,222562,88.26,249887,ASIMA PATRA,AITC,F,58644,7,271518,1 ASIMA PATRA,AITC,FEMALE,53,124776,BJP,94617,30159,5,NO,1,0,19.9,,
198,tarakeswar,hugli,GEN,271934,138590,133344,25666,63494,71738,14624,195157,115402,17617,25120,2801,37596,962,26.38,5.38,79.25,72.78,42.44,37.03,197378,89.24,221972,RACHHPAL SINGH  E,AITC,M,27690,5,239820,1 RAMENDU SINHARAY,AITC,MALE,54,96698,BJP,89214,7484,6,NO,1,0,19.9,,
199,pursurah,hugli,GEN,341439,174578,166860,36777,78105,99869,1523,241115,128304,26713,28061,3516,36994,956,29.25,0.45,79.14,72.07,37.58,42.69,214053,89.54,238626,DR. M. NURUZZAMAN,AITC,M,29127,5,259988,1 BIMAN GHOSH,BJP,MALE,36,119334,AITC,91156,28178,5,YES,1,0,19.9,,
200,arambag,hugli,GEN,292355,149249,143106,31308,65789,101444,5052,207738,108542,14141,22734,3530,36574,959,34.7,1.73,79.58,72.93,37.13,33.97,207829,88.4,232765,KRISHNA CHANDRA SANTRA,AITC,M,36457,4,257621,1 MADHUSUDAN BAG,BJP,MALE,49,103108,AITC,95936,7172,5,YES,1,0,19.9,,
201,goghat,hugli,GEN,275193,141102,134091,29034,60954,102528,15876,191930,106624,26895,31512,2576,24129,950,37.26,5.77,77.97,70.73,38.75,54.78,193452,91.22,224139,MANAS MAJUMDAR,AITC,M,30886,4,246570,1 BISWANATH KARAK,BJP,MALE,60,102227,AITC,98080,4147,5,YES,1,0,19.9,,
202,khanakul,hugli,GEN,317550,162749,154801,38082,70298,87653,477,221564,114285,18310,20246,6881,40369,951,27.6,0.15,79.28,72.4,35.99,33.74,219432,84.06,250715,IQBAL AHMED,AITC,M,43487,7,277259,1 SUSANTA GHOSH,BJP,MALE,32,107403,AITC,94519,12884,7,YES,0,0,19.9,,
203,tamluk,,GEN,0,0,0,0,0,0,0,0,0,0,0,0,0,,,,,,,,209937,90.3,242987,ASHOK DINDA,CPI,M,520,9,266881,1 Saumen Kumar Mahapatra,AITC,MALE,65,108243,BJP,107450,793,8,YES,1,0,,,
204,panskura purba,,GEN,284329,147265,137064,30630,61336,24743,1068,215706,106534,12126,9509,7781,45238,931,8.7,0.38,85.02,78.5,37.47,20.31,186105,87.97,215781,SK IBRAHIM ALI,CPM,M,4767,6,236306,1 Biplab Roy Chowdhury,AITC,MALE,74,91213,BJP,81553,9660,8,YES,1,0,,,
205,panskura paschim,,GEN,360056,184973,175083,42122,78950,34136,13443,266647,157649,23384,21343,8563,44097,947,9.48,3.73,83.87,77.0,43.78,28.37,211663,88.32,246695,PHIROJA BIBI,AITC,F,3145,10,274092,1 PHIROJA BIBI,AITC,FEMALE,70,111705,BJP,102816,8889,7,NO,1,0,,,
206,moyna,,GEN,320974,166657,154316,37519,74402,76581,349,245721,127096,17723,22074,3322,22842,926,23.86,0.11,86.69,80.56,39.6,31.31,196999,90.7,230099,SANGRAM KUMAR DOLAI,AITC,M,12124,6,255164,1 Ashoke Dinda,BJP,MALE,35,108109,AITC,106849,1260,8,YES,1,0,,,
207,nandakumar,,GEN,280120,144862,135258,33669,62507,38205,586,211635,109750,14963,15684,5671,27792,934,13.64,0.21,85.87,80.42,39.18,27.92,192197,91.68,228605,SUKUMAR DE,AITC,M,10866,9,253829,1 SUKUMAR DE,AITC,MALE,60,108181,BJP,102775,5406,6,NO,1,0,,,
208,mahisadal,,GEN,0,0,0,0,0,0,0,0,0,0,0,0,0,,,,,,,,189874,91.19,221346,DR.SUDARSAN GHOSH DASTIDAR,AITC,M,16709,9,245266,1 TILAK KUMAR CHAKRABORTY,AITC,MALE,55,101986,BJP,99600,2386,7,NO,1,0,,,
209,haldia,,GEN,0,0,0,0,0,0,0,0,0,0,0,0,0,,,,,,,,188653,92.49,223370,TAPASI MONDAL,CPM,F,21493,7,251051,1 Tapasi Mondal,BJP,FEMALE,49,104126,AITC,89118,15008,6,YES,1,0,,,
210,nandigram,,GEN,316120,162490,153629,41535,65836,53976,335,237640,104003,9558,16271,1940,24003,945,17.07,0.11,86.55,82.34,32.9,24.84,195232,88.35,231866,ADHIKARI SUVENDU,AITC,M,81230,6,257999,1 ADHIKARI SUVENDU,BJP,MALE,50,110764,AITC,108808,1956,9,YES,1,0,,,
211,chandipur,,GEN,298576,154345,144230,36348,67168,32549,552,231497,112554,10597,13545,3358,22040,934,10.9,0.19,88.28,83.14,37.7,21.45,188758,91.87,223472,AMIYAKANTI BHATTACHARJEE,AITC,M,9654,8,245775,1 Soham Chakraborty,AITC,MALE,37,109770,BJP,96298,13472,8,NO,1,0,,,
212,patashpur,,GEN,264532,136502,128029,29836,60249,31461,2946,201384,105320,24916,19531,2721,14805,938,11.89,1.11,85.81,79.62,39.81,42.2,182774,92.6,214234,JYOTIRMOY KAR,AITC,M,29888,6,236413,1 UTTAM BARIK,AITC,MALE,46,105299,BJP,95305,9994,5,NO,1,0,,,
213,kanthi uttar,,GEN,309927,159727,150200,35764,67229,38406,242,243793,122243,15004,18397,2952,30731,940,12.39,0.08,88.92,83.61,39.44,27.32,202138,91.04,235573,BANASRI MAITY,AITC,F,18576,7,257427,1 SUMITA SINHA,BJP,FEMALE,53,113524,AITC,104194,9330,9,YES,1,0,,,
214,bhagabanpur,,GEN,308084,158689,149395,35657,72321,46659,160,243745,116387,13406,20200,2678,20887,941,15.14,0.05,89.47,84.37,37.78,28.87,198952,92.37,232640,ARDHENDU MAITY,AITC,M,31943,9,254184,1 RABINDRANATH MAITY,BJP,MALE,50,121480,AITC,93931,27549,5,YES,1,0,,,
215,khejuri,,GEN,303223,155791,147432,37893,62220,100557,1141,232486,109878,10669,14329,1724,25183,946,33.16,0.38,87.62,82.61,36.24,22.75,177602,93.24,213629,RANAJIT MONDAL,AITC,M,42485,6,238630,1 SANTANU PRAMANIK,BJP,MALE,36,110407,AITC,92442,17965,5,YES,1,0,,,
216,kanthi dakshin,,GEN,284961,148216,136745,29151,58442,32144,487,232218,101849,7824,11012,2049,48723,923,11.28,0.17,90.78,86.17,35.74,18.49,175105,87.03,204691,ADHIKARI DIBYENDU,AITC,M,33890,8,224657,1 ARUP KUMAR DAS,BJP,MALE,63,98477,AITC,88184,10293,5,YES,1,0,,,
217,ramnagar,,GEN,355452,182357,173094,38133,72988,47870,1128,281027,126945,19539,26329,1729,35659,949,13.47,0.32,88.56,82.44,35.71,36.13,203723,87.61,240244,AKHIL GIRI,AITC,M,28253,7,264900,1 AKHIL GIRI,AITC,MALE,62,112622,BJP,100105,12517,6,NO,1,0,,,
218,egra,,GEN,339775,175477,164298,37622,73382,45928,3581,255837,135236,33503,28522,2065,25719,936,13.52,1.05,84.67,77.65,39.8,45.86,219399,87.73,260254,DAS SAMARES,AITC,M,25956,6,284614,1 TARUN KUMAR MAITY,AITC,MALE,53,125763,BJP,107272,18491,5,NO,1,0,,,
219,dantan,,GEN,279901,143638,136263,32523,59629,26711,19498,200501,97948,27453,22280,1034,13802,949,9.54,6.97,81.05,73.64,34.99,50.77,179499,89.34,211636,BIKRAM CHANDRA PRADHAN,AITC,M,29260,5,233841,1 BIKRAM CHANDRA PRADHAN,AITC,MALE,67,95209,BJP,94586,623,5,NO,0,0,,,
220,nayagram,,GEN,270221,137239,132982,33234,59191,65515,96866,154131,124708,16692,28397,3635,11654,969,24.24,35.85,65.04,54.67,46.15,36.16,175005,85.88,205946,DULAL MURMU,AITC,M,43255,7,226791,1 DULAL MURMU,AITC,MALE,44,100903,BJP,78149,22754,8,NO,1,0,,,
221,gopiballavpur,,GEN,303023,153021,150002,34519,67931,60698,71797,195889,137384,25264,30112,1648,14594,980,20.03,23.69,72.96,64.56,45.34,40.31,177748,89.41,206002,CHURAMANI MAHATA,AITC,M,49558,7,226417,1 Dr. Khagendra Nath Mahata,AITC,MALE,39,104115,BJP,80347,23768,10,NO,1,0,,,
222,jhargram,,GEN,280707,141805,138902,31902,62058,52285,67809,184333,121384,15383,22091,1931,28580,980,18.63,24.16,74.09,65.7,43.24,30.87,184398,84.38,214133,SUKUMAR HANSDA,AITC,M,55228,9,236035,1 BIRBAHA HANSDA,AITC,FEMALE,38,109493,BJP,71253,38240,11,NO,1,0,,,
223,keshiary,,GEN,284429,144455,139974,32673,65574,59204,72905,187986,117352,18531,24477,1470,14679,969,20.82,25.63,74.67,66.5,41.26,36.65,182549,91.74,217375,PARESH MURMU,AITC,M,40749,7,238835,1 PARESH MURMU,AITC,MALE,52,106366,BJP,91036,15330,6,NO,1,0,,,
224,kharagpur sadar,,GEN,0,0,0,0,0,0,0,0,0,0,0,0,0,,,,,,,,195162,70.78,218231,DILIP KUMAR GHOSH,BJP,M,6309,7,234672,1 HIRANMOY CHATTOPADHYAYA,BJP,MALE,45,79607,AITC,75836,3771,6,NO,1,0,,,
225,narayangarh,,GEN,308171,156128,152043,35411,70047,58508,68485,213526,137179,24389,32384,2778,17875,974,18.99,22.22,78.28,70.38,44.51,41.39,191752,92.78,221324,PRODYUT KUMAR GHOSH,AITC,M,13589,5,243832,1 ATTA SURJA KANTA,AITC,MALE,57,100894,BJP,98478,2416,6,NO,1,0,,,
226,sabang,,GEN,342978,176407,166570,40100,81374,45544,16319,261644,195614,36651,29712,6694,17094,944,13.28,4.76,86.39,79.61,57.03,33.93,206439,93.34,241645,MANAS RANJAN BHUNIA,INC,M,49167,5,264783,1 MANAS RANJAN BHUNIA,AITC,MALE,68,112098,BJP,102234,9864,6,YES,1,0,,,
227,pingla,,GEN,320273,162562,157711,38124,77166,47791,66513,223222,148195,22840,35904,2478,21877,970,14.92,20.77,79.12,71.33,46.27,39.64,194839,92.08,229666,SAUMEN KUMAR MAHAPATRA,AITC,M,24218,6,255054,1 AJIT MAITY,AITC,MALE,66,112435,BJP,105779,6656,5,NO,1,0,,,
228,kharagpur,,GEN,255448,130770,124678,33754,57482,44012,53408,159868,101163,11337,27397,1391,31691,953,17.23,20.91,72.11,63.44,39.6,38.29,166917,89.96,199151,DINEN ROY,AITC,M,19099,6,227081,1 DINEN ROY,AITC,MALE,65,109727,BJP,73497,36230,7,NO,1,0,,,
229,debra,,GEN,281167,141906,139261,30941,64841,35818,56643,205653,128557,22812,29201,2754,24010,981,12.74,20.15,82.19,75.36,45.72,40.46,183967,92.69,212374,SELIMA KHATUN (BIBI),AITC,F,11908,5,234184,1 HUMAYUN KABIR,AITC,MALE,59,95850,BJP,84624,11226,6,NO,1,0,,,
230,daspur,,GEN,379759,193527,186232,41021,80222,57986,2754,289140,148441,29813,17285,8832,54794,962,15.27,0.73,85.36,79.02,39.09,31.73,242616,82.09,274343,MAMATA BHUNIA,AITC,F,28739,5,298096,1 MAMATA BHUNIA,AITC,FEMALE,59,114753,BJP,87911,26842,5,NO,1,0,,,
231,ghatal,,GEN,329309,169230,160078,36687,70315,89494,5654,243712,128713,28373,21290,6585,40717,946,27.18,1.72,83.29,76.11,39.09,38.58,224916,86.3,257163,SHANKAR DOLAI,AITC,M,19479,6,279908,1 SITAL KAPAT,BJP,MALE,31,105812,AITC,104846,966,6,YES,1,0,,,
232,chandrakona,,GEN,348059,178091,169967,40293,76134,114828,16452,243482,134951,35706,33902,3608,23069,954,32.99,4.73,79.11,72.67,38.77,51.58,216439,92.92,250320,CHHAYA DOLAI,AITC,F,38381,6,279867,1 ARUP DHARA,AITC,MALE,40,121846,BJP,110565,11281,6,NO,1,0,,,
233,garbeta,,GEN,284502,145009,139493,34654,57904,72651,25859,182470,113967,27876,30040,1233,16365,962,25.54,9.09,73.03,65.79,40.06,50.82,176796,93.21,207311,ASHIS CHAKRABORTY (NANTI),AITC,M,61157,5,232046,1 Uttara Singha (Hazra),AITC,FEMALE,56,94928,BJP,84356,10572,6,NO,1,0,,,
234,salboni,,GEN,355927,179959,175968,42795,73231,65290,62355,233291,160810,30405,36486,2813,24424,978,18.34,17.52,74.5,66.94,45.18,41.6,208500,92.92,247363,SRIKANTA MAHATA,AITC,M,52902,8,276940,1 Srikanta Mahata,AITC,MALE,45,126020,BJP,93376,32644,10,NO,1,0,,,
235,keshpur,,GEN,368564,188214,180350,48608,75259,103551,24739,248328,143383,42320,33565,3549,14841,958,28.1,6.71,77.61,69.76,38.9,52.92,194487,92.8,232684,SEULI SAHA,AITC,F,101151,4,261529,1 Seuli Saha,AITC,FEMALE,51,116992,BJP,96272,20720,4,NO,1,0,,,
236,medinipur,,GEN,365357,184450,180907,39889,79249,57613,38080,263505,146069,12560,19112,3005,68656,981,15.77,10.42,80.96,75.16,39.98,21.68,215287,88.01,251148,MRIGENDRA NATH MAITI,AITC,M,32987,7,280060,1 June Maliah,AITC,FEMALE,51,121175,BJP,96778,24397,7,NO,1,0,,,
237,binpur,,GEN,283830,143343,140487,33647,65596,47928,98636,178422,132244,10029,16602,1864,14150,980,16.89,34.75,71.32,61.22,46.59,20.14,179861,82.04,206031,KHAGENDRANATH HEMBRAM,AITC,M,49323,7,224036,1 DEBNATH HANSDA,AITC,MALE,38,100277,BJP,60783,39494,9,NO,1,0,,,
238,bandwan,puruliya,GEN,359404,181465,177939,47424,72219,24431,128518,193314,181519,28880,28856,2698,18692,981,6.8,35.76,61.96,47.58,50.51,31.81,223789,80.52,256043,RAJIB LOCHAN SAREN,AITC,M,20307,11,284840,1 RAJIB LOCHAN SAREN,AITC,MALE,47,113337,BJP,94506,18831,6,NO,0,0,25.4,,
239,balarampur,puruliya,GEN,325759,167572,158187,48379,61088,47669,67074,170457,135529,18512,12516,2488,32433,944,14.63,20.59,61.45,46.67,41.6,22.89,175112,81.37,209191,SHANTIRAM MAHATO,AITC,M,10204,10,238113,1 BANESWAR MAHATO,BJP,MALE,48,89521,AITC,89098,423,9,YES,1,0,25.4,,
240,baghmundi,puruliya,GEN,323238,165216,158022,50681,64855,41058,60444,167969,141089,25471,15229,4314,24391,956,12.7,18.7,61.63,46.8,43.65,28.85,192018,81.59,223462,NEPAL MAHATA,INC,M,8587,8,249613,1 Sushanta Mahato,AITC,MALE,39,75905,AJSUP,61936,13969,7,YES,1,0,25.4,,
241,joypur,puruliya,GEN,342443,175349,167094,56616,63548,39808,38830,160025,147091,23708,9664,25849,22206,953,11.62,11.34,55.99,39.05,42.95,22.69,189809,78.82,218701,SHAKTIPADA MAHATO,AITC,M,8763,9,249621,1 Nara Hari Mahato,BJP,MALE,65,74380,INC,62180,12200,11,YES,1,0,25.4,,
242,purulia,puruliya,GEN,320591,163999,156592,42585,61267,71010,15760,196697,124366,10586,7129,2738,49752,955,22.15,4.92,70.75,59.64,38.79,14.24,193014,80.21,227703,SUDIP KUMAR MUKHERJEE,INC,M,4911,13,258947,1 Sudip Kumar Mukherjee,BJP,MALE,51,89733,AITC,82715,7018,11,YES,1,0,25.4,,
243,manbazar,puruliya,GEN,313120,158621,154499,40320,64236,57017,74939,180791,155745,21353,22444,1375,18939,974,18.21,23.93,66.27,52.33,49.74,28.12,200562,83.84,228645,SANDHYA RANI TUDU,AITC,F,9675,6,253708,1 SANDHYARANI TUDU,AITC,FEMALE,50,103298,BJP,87782,15516,6,NO,1,0,25.4,,
244,kashipur,puruliya,GEN,308217,156625,151592,37635,61912,80545,75608,189647,135663,17250,15020,1841,27827,968,26.13,24.53,70.09,57.52,44.02,23.79,188342,82.5,216953,SWAPAN KUMAR BELTHARIA,AITC,M,19578,8,238871,1 KAMALAKANTA HANSDA,BJP,MALE,46,92938,AITC,85551,7387,6,YES,1,0,25.4,,
245,para,puruliya,GEN,313688,161505,152183,45097,57264,108004,17637,177897,113141,11033,9009,1892,34173,942,34.43,5.62,66.23,51.49,36.07,17.71,184196,79.28,216322,UMAPADA BAURI,AITC,M,13878,9,243906,1 NADIAR CHAND BOURI,BJP,MALE,43,87347,AITC,83340,4007,8,YES,1,0,25.4,,
246,raghunathpur,puruliya,GEN,323395,166553,156842,41623,61362,98384,60446,187903,115022,10191,8404,1931,44524,942,30.42,18.69,66.69,54.38,35.57,16.17,198409,81.42,234336,PURNA CHANDRA BAURI,AITC,M,16142,7,259434,1 Vivekananda Bauri,BJP,MALE,44,95770,AITC,90332,5438,8,YES,1,0,25.4,,
247,saltora,bankura,GEN,344706,177565,167140,42958,71270,119468,33211,196708,131808,20567,16527,2403,38158,941,34.66,9.63,65.19,52.59,38.24,28.14,188606,86.57,212955,SWAPAN BOURI,AITC,M,12523,7,232517,1 BAURI CHANDANA,BJP,FEMALE,30,91648,AITC,87503,4145,6,YES,1,0,22.6,,
248,chhatna,bankura,GEN,305995,156747,149248,37421,62382,106769,51274,178614,122552,15998,17864,1904,26312,952,34.89,16.76,66.5,53.61,40.05,27.63,194715,79.34,221236,DHIRENDRA NATH LAYEK,RSP,M,2417,11,242270,1 SATYANARAYAN MUKHOPADHYAY,BJP,MALE,51,90233,AITC,83069,7164,10,YES,1,0,22.6,,
249,ranibundh,bankura,GEN,318279,162397,155882,37147,68054,67117,105426,193150,139833,17086,28221,2026,20757,960,21.09,33.12,68.7,55.87,43.93,32.4,200986,84.83,231387,JYOTSNA MANDI,AITC,F,23313,8,253359,1 Jyotsna Mandi,AITC,FEMALE,35,90928,BJP,86989,3939,8,NO,1,0,22.6,,
250,raipur,bankura,GEN,278366,141572,136794,32126,59197,68812,67789,178372,123266,19075,24275,1666,14275,966,24.72,24.35,72.44,61.23,44.28,35.17,178332,87.23,204514,BIRENDRA NATH TUDU,AITC,M,26722,8,224604,1 MRITYUNJOY MURMU,AITC,MALE,47,101043,BJP,81645,19398,6,NO,1,0,22.6,,
251,taldangra,bankura,GEN,291877,148877,143000,35364,61072,85185,38571,177945,120050,19500,24665,1947,17402,961,29.19,13.21,69.37,58.79,41.13,36.79,179758,87.48,211526,SAMIR CHAKRABORTY,AITC,M,13669,9,233291,1 ARUP CHAKRABORTY,AITC,MALE,65,92026,BJP,79649,12377,9,NO,1,0,22.6,,
252,bankura,bankura,GEN,319201,162864,156337,33162,67210,91661,10425,222230,117264,9867,9918,4892,63827,960,28.72,3.27,77.69,69.32,36.74,16.87,215037,80.14,244482,DARIPA SHAMPA,INC,F,1029,7,269829,1 NILADRI SEKHAR DANA,BJP,MALE,54,95466,AITC,93998,1468,12,YES,1,0,22.6,,
253,barjora,bankura,GEN,265572,136353,129219,30298,57955,91884,5299,166395,103406,16214,18968,1960,28758,948,34.6,2.0,70.72,60.46,38.94,34.02,203655,86.97,231414,SUJIT CHAKRABORTY,CPM,M,616,7,250729,1 ALOK MUKHERJEE,AITC,MALE,61,93290,BJP,90021,3269,8,YES,1,0,22.6,,
254,onda,bankura,GEN,324214,165914,158300,41248,67989,107039,13299,190145,126970,26047,30029,3800,28932,954,33.01,4.1,67.2,57.21,39.16,44.16,199552,87.25,228577,ARUP KUMAR KHAN,AITC,M,10848,8,256906,1 AMARNATH SHAKHA,BJP,MALE,56,104940,AITC,93389,11551,9,YES,1,0,22.6,,
255,bishunpur,bankura,GEN,265281,134474,130807,30353,57405,74674,19457,166834,109092,15121,22277,3022,35103,973,28.15,7.33,71.01,62.61,41.12,34.28,171567,90.05,195374,TUSHAR KANTI BHATTACHARYA,INC,M,891,7,219284,1 TANMAY GHOSH (BUMBA),BJP,MALE,41,89689,AITC,78269,11420,7,YES,0,0,22.6,,
256,katulpur,bankura,GEN,308462,157423,151039,33964,67496,110987,8421,209639,124914,29694,33064,2993,24204,959,35.98,2.73,76.37,68.4,40.5,50.24,190151,92.55,222492,SHYAMAL SANTRA,AITC,M,21248,5,246785,1 HARAKALI PROTIHER,BJP,MALE,40,106022,AITC,94237,11785,6,YES,1,0,22.6,,
257,indus,bankura,GEN,304222,155081,149141,33301,67477,135777,6730,192429,126817,25704,36610,1476,22395,962,44.63,2.21,71.03,63.11,41.69,49.14,188746,92.57,219065,GURUPADA METE,AITC,M,18837,6,242938,1 NIRMAL KUMAR DHARA,BJP,MALE,39,104936,AITC,97716,7220,4,YES,1,0,22.6,,
258,sonamukhi,bankura,GEN,283310,145356,137954,32503,62240,120006,8622,170223,125215,24934,42383,3541,24602,949,42.36,3.04,67.87,58.8,44.2,53.76,180448,91.53,210167,AJIT RAY,CPM,M,8719,5,233059,1 DIBAKAR GHARAMI,BJP,MALE,43,98161,AITC,87273,10888,6,YES,1,0,22.6,,
259,khandaghosh,barddhaman,GEN,320148,163834,156313,35332,74040,128070,14107,211965,134599,20202,46871,1926,24863,954,40.0,4.41,74.42,67.15,42.04,49.83,194922,92.86,220473,NABIN CHANDRA BAG,AITC,M,3202,5,242730,1 NABIN CHANDRA BAG,AITC,MALE,45,104264,BJP,83378,20886,6,NO,1,0,,,
260,bardhaman dakshin,barddhaman,GEN,0,0,0,0,0,0,0,0,0,0,0,0,0,,,,,,,,215484,86.71,241146,RABIRANJAN CHATTOPADHYAY,AITC,M,29438,7,257940,1 KHOKAN DAS,AITC,MALE,54,91015,BJP,82910,8105,9,NO,1,0,,,
261,raina,barddhaman,GEN,323773,165454,158318,33395,72825,122099,16682,233281,128132,22922,43054,1404,25365,957,37.71,5.15,80.34,74.24,39.57,51.49,209734,92.29,235247,NEPAL GHORUI,AITC,M,448,4,258742,1 Shampa Dhara,AITC,FEMALE,29,108752,BJP,90547,18205,6,NO,1,0,,,
262,jamalpur,barddhaman,GEN,298369,150609,147760,30869,70596,109366,44346,198628,133350,20505,50705,3233,23487,981,36.65,14.86,74.25,67.6,44.69,53.4,188058,92.17,216698,SAMAR HAZRA,CPM,M,1423,7,235973,1 ALOK KUMAR MAJHI,AITC,MALE,38,96999,BJP,79028,17971,7,YES,1,0,,,
263,monteswar,barddhaman,GEN,297788,151849,145939,32015,68740,69924,25991,198731,114885,19322,43946,2620,23421,961,23.48,8.73,74.77,68.9,38.58,55.07,191823,90.33,219094,SAJAL PANJA,AITC,M,706,7,242229,1 CHOWDHURY SIDDIQULLAH,AITC,MALE,71,105460,BJP,73655,31805,6,NO,1,0,,,
264,kalna,barddhaman,GEN,309275,157310,151964,29153,72757,108449,33955,221585,129416,15340,32953,7686,48233,966,35.07,10.98,79.1,73.14,41.85,37.32,187742,90.69,220044,KUNDU BISWAJIT,AITC,M,25261,6,241471,1 DEBOPRASAD BAG (POLTU),AITC,MALE,44,96073,BJP,88595,7478,6,NO,1,0,,,
265,memari,barddhaman,GEN,282787,143367,139420,28396,66241,89128,43397,192275,126029,12374,39294,4025,37657,972,31.52,15.35,75.58,68.8,44.57,41.0,203430,90.84,233266,BEGUM NARGIS,AITC,F,8883,7,254236,1 MADHUSUDAN BHATTACHARYA,AITC,MALE,71,104851,BJP,81773,23078,7,NO,1,0,,,
266,bardhaman uttar,barddhaman,GEN,310572,157412,153160,32609,72279,106754,27720,209298,126410,13669,32234,2025,41352,973,34.37,8.93,75.3,68.43,40.7,36.31,211206,91.46,245749,NISITH KUMAR MALIK,AITC,M,11505,6,277026,1 NISITH KUMAR MALIK,AITC,MALE,52,111211,BJP,93943,17268,5,NO,1,0,,,
267,bhatar,barddhaman,GEN,291731,148648,143083,31788,66641,94902,26610,187001,124644,20431,47683,2540,21875,963,32.53,9.12,71.94,65.5,42.73,54.65,197674,89.79,226528,SUBHASH MONDAL,AITC,M,6280,6,246694,1 ADHIKARI MANGOBINDA,AITC,MALE,66,108028,BJP,76287,31741,9,NO,1,0,,,
268,purbasthali dakshin,barddhaman,GEN,278682,142902,135780,29607,66256,69476,20870,188488,114227,13551,29976,16051,28774,950,24.93,7.49,75.68,69.3,40.99,38.11,191256,90.49,224266,SWAPAN DEBNATH,AITC,M,37666,9,248533,1 SWAPAN DEBNATH,AITC,MALE,70,105698,BJP,88288,17410,6,NO,1,0,,,
269,purbasthali uttar,barddhaman,GEN,293119,150835,142284,32484,69205,74568,10054,184862,116807,19634,39991,7625,23873,943,25.44,3.43,70.93,65.33,39.85,51.05,189373,88.09,225513,PRADIP KUMAR SAHA,CPM,M,2828,7,252626,1 TAPAN CHATTERJEE,AITC,MALE,66,92421,BJP,85715,6706,7,YES,1,0,,,
270,katwa,barddhaman,GEN,300583,154279,146303,30604,70222,82709,2355,205589,107184,14634,24337,5011,49436,948,27.52,0.78,76.15,71.35,35.66,36.36,212236,87.87,243224,RABINDRANATH CHATTERJEE,AITC,M,911,7,267738,1 Rabindranath Chatterjee,AITC,MALE,71,107894,BJP,98739,9155,6,NO,1,0,,,
271,ketugram,barddhaman,GEN,349042,179892,169149,42216,79517,103731,3978,205979,122198,25908,41723,3570,23773,940,29.72,1.14,67.13,61.69,35.01,55.35,198029,85.98,232312,SEKH SAHONAWEZ,AITC,M,8729,5,258310,1 Sekh Sahonawez,AITC,MALE,62,100226,BJP,87543,12683,6,NO,1,0,,,
272,mangalkot,barddhaman,GEN,310383,158933,151449,36701,71515,98294,6973,187033,115415,24499,41052,2532,17926,953,31.67,2.25,68.34,62.42,37.18,56.8,202627,86.91,228313,CHOWDHURY SIDDIQULLAH,AITC,M,11874,6,251003,1 Apurba Chowdhury (Achal),AITC,MALE,55,107596,BJP,85259,22337,6,NO,1,0,,,
273,ausgram,barddhaman,GEN,316053,161081,154971,35451,76833,115984,39913,196843,142344,17889,35570,2226,26049,962,36.7,12.63,70.15,62.86,45.04,37.56,196219,88.79,224976,ABHEDANANDA THANDER,AITC,M,6252,6,246956,1 ABHEDANANDA THANDER,AITC,MALE,58,100392,BJP,88577,11815,6,NO,1,0,,,
274,galsi,barddhaman,GEN,325025,167039,157985,34478,76706,110715,21399,215035,140101,16003,27902,1633,38609,946,34.06,6.58,74.01,66.62,43.1,31.34,204589,89.36,236847,ALOK KUMAR MAJHI,AITC,M,10771,4,256642,1 NEPAL GHORUI,AITC,MALE,43,109504,BJP,90242,19262,5,NO,1,0,,,
275,pandabeswar,barddhaman,GEN,246819,129139,117680,29483,52815,75749,17028,158794,79609,3432,5686,1094,44648,911,30.69,6.9,73.06,63.6,32.25,11.46,168065,80.51,190960,KUMAR JITENDRA TEWARI,AITC,M,5470,7,211960,1 NARENDRANATH CHAKRABORTY,AITC,MALE,57,73922,BJP,70119,3803,9,NO,1,0,,,
276,durgapur purba,barddhaman,GEN,0,0,0,0,0,0,0,0,0,0,0,0,0,,,,,,,,202449,85.82,234001,SANTOSH DEBRAY,CPM,M,9131,7,256531,1 PRADIP MAZUMDAR,AITC,MALE,74,79303,BJP,75557,3746,10,YES,1,0,,,
277,durgapur paschim,barddhaman,GEN,0,0,0,0,0,0,0,0,0,0,0,0,0,,,,,,,,209944,84.91,245268,BISHWANATH PARIAL,INC,M,44824,8,269303,1 LAKSHMAN CHANDRA GHORUI,BJP,MALE,49,91186,AITC,76522,14664,11,YES,1,0,,,
278,raniganj,barddhaman,GEN,322292,168658,153633,37140,66554,76059,11305,221263,102652,1231,1194,1579,77679,911,23.6,3.51,77.6,69.81,31.85,2.36,197129,78.35,229329,RUNU DUTTA,CPM,M,12385,6,250813,1 TAPAS BANERJEE,AITC,MALE,67,78164,BJP,74608,3556,8,YES,0,0,,,
279,jamuria,barddhaman,GEN,291716,152156,139560,37046,57807,82204,24681,180685,91158,4922,6875,1009,49685,917,28.18,8.46,70.95,60.69,31.25,12.94,175316,78.24,199103,JAHANARA KHAN,CPM,F,7757,6,221419,1 HARERAM SINGH,AITC,MALE,67,71002,BJP,62951,8051,7,YES,1,0,,,
280,asansol dakshin,barddhaman,GEN,0,0,0,0,0,0,0,0,0,0,0,0,0,,,,,,,,204435,78.69,247366,TAPAS BANERJEE,AITC,M,14283,6,274245,1 AGNIMITRA PAUL,BJP,FEMALE,48,87881,AITC,83394,4487,6,YES,1,0,,,
281,asansol uttar,barddhaman,GEN,0,0,0,0,0,0,0,0,0,0,0,0,0,,,,,,,,201174,76.86,249511,MOLOY GHATAK,AITC,M,23897,6,275796,1 Ghatak Moloy,AITC,MALE,65,100931,BJP,79821,21110,8,NO,1,0,,,
282,kulti,barddhaman,GEN,313809,163193,150616,35385,58358,69290,13622,209952,94365,1069,814,1350,71489,923,22.08,4.34,75.41,67.34,30.07,2.0,187988,73.66,230360,UJJAL CHATTERJEE,AITC,M,19488,7,251671,1 AJAY KUMAR PODDAR,BJP,MALE,63,81112,AITC,80433,679,7,YES,1,0,,,
283,barbani,barddhaman,GEN,281121,144829,136292,32464,59268,72445,34311,187106,90928,4180,5014,1048,55612,941,25.77,12.21,75.25,66.44,32.34,10.11,185113,80.32,206828,BIDHAN UPADHYAY,AITC,M,24049,6,225596,1 BIDHAN UPADHYAY,AITC,MALE,51,88430,BJP,64973,23457,7,NO,1,0,,,
284,dubrajpur,birbhum,GEN,303417,156030,147387,38737,67497,103505,8726,182010,111224,17469,24187,2529,29305,945,34.11,2.88,68.77,59.83,36.66,37.45,181999,86.86,216370,CHANDRA NARESH  BAURI,AITC,M,39894,6,241742,1 Anup Kumar Saha,BJP,MALE,34,98083,AITC,94220,3863,6,YES,1,0,25.7,,
285,suri,birbhum,GEN,331935,169403,162532,39481,75768,104195,27986,216791,130825,14530,20919,3200,50619,959,31.39,8.43,74.13,67.26,39.41,27.1,199153,86.01,235902,ASOK KUMAR CHATTOPADHYAY,AITC,M,31808,6,263557,1 BIKASH ROYCHOUDHURY,AITC,MALE,68,105871,BJP,98551,7320,7,NO,1,0,25.7,,
286,bolpur,birbhum,GEN,307080,156621,150459,35295,71448,72892,26754,210353,117910,13091,20191,2339,43078,961,23.74,8.71,77.4,71.39,38.4,28.23,201791,87.79,244288,CHANDRANATH SINHA,AITC,M,50027,9,273896,1 SINHA CHANDRANATH,AITC,MALE,58,116443,BJP,94163,22280,10,NO,1,0,25.7,,
287,nanoor,birbhum,GEN,370367,189175,181192,43459,87293,119423,33353,227298,146171,27269,46689,2594,30088,958,32.24,9.01,69.53,63.45,39.47,50.6,218317,85.49,251973,SHYAMALI PRADHAN,CPM,F,25730,5,276777,1 BIDHAN CHANDRA MAJHI,AITC,MALE,40,112116,BJP,105446,6670,5,YES,1,0,25.7,,
288,labhpur,birbhum,GEN,293957,150748,143209,34032,69125,95902,25256,187723,113194,20124,29956,1792,17916,950,32.62,8.59,72.22,65.42,38.51,44.24,186922,88.31,218387,ISLAM MONIRUL,AITC,M,30313,4,240044,1 ABHIJIT SINHA (RANA),AITC,MALE,54,108423,BJP,90448,17975,8,NO,1,0,25.7,,
289,sainthia,birbhum,GEN,309187,158540,150647,37578,72100,98544,31292,194771,121793,16974,30685,2990,33197,950,31.87,10.12,71.71,65.01,39.39,39.13,190105,86.96,228000,NILABATI SAHA,AITC,F,38611,6,255959,1 NILABATI SAHA,AITC,FEMALE,50,110572,BJP,95329,15243,6,NO,1,0,25.7,,
290,mayureswar,birbhum,GEN,286991,146609,140382,35091,69004,93330,19781,179493,123275,22415,36197,2169,18258,958,32.52,6.89,71.26,63.79,42.95,47.55,182588,87.38,212399,ABHIJIT ROY,AITC,M,38770,10,230682,1 ABHIJIT ROY,AITC,MALE,52,100425,BJP,88350,12075,5,NO,1,0,25.7,,
291,rampurhat,birbhum,GEN,330751,168417,162334,43556,75597,91216,47930,209054,127213,15500,26888,1911,46188,964,27.58,14.49,72.79,66.06,38.46,33.32,190293,86.19,228606,ASISH BANERJEE,AITC,M,21199,10,260812,1 ASISH BANERJEE,AITC,MALE,69,103276,BJP,94804,8472,7,NO,1,0,25.7,,
292,hansan,birbhum,GEN,310180,158941,151239,42890,79336,87515,1468,189983,109077,14212,41556,4635,14757,952,28.21,0.47,71.08,64.66,35.17,51.13,181254,86.69,219714,MILTAN RASID,INC,M,16154,10,248113,1 Dr. ASOK KUMAR CHATTOPADHYAY,AITC,MALE,63,108289,BJP,57676,50613,6,YES,1,0,25.7,,
293,nalhati,birbhum,GEN,321532,164801,156730,44644,74996,95275,12791,204140,111790,17863,33737,1885,25686,951,29.63,3.98,73.73,68.31,34.77,46.16,176584,87.88,216694,MOINUDDIN SHAMS,AITC,M,10328,7,244837,1 RAJENDRA PRASAD SINGH (RAJU SINGH),AITC,MALE,48,117438,BJP,60533,56905,10,NO,0,0,25.7,,
294,murarai,birbhum,GEN,343035,174619,168415,54903,76718,70664,11694,159232,122098,12279,39663,8455,28072,964,20.6,3.41,55.26,50.43,35.59,42.54,189414,86.07,234055,ABDUR RAHAMAN (LITON),AITC,M,280,7,263200,1 DR MOSARRAF HOSSAIN,AITC,MALE,58,146496,BJP,48250,98246,7,NO,1,0,25.7,,
