ac_no,ac_name,district,reservation,villages_mapped,census_pop,census_pop_m,census_pop_f,census_sc_pop,census_st_pop,census_literates,census_total_workers,census_cultivators,census_agri_labourers,census_hh_industry_workers,census_other_workers,census_households,census_sc_pct,census_st_pct,census_literacy_rate_pct,census_workforce_participation_pct,census_agri_worker_share_pct,eci2011_electors,eci2011_voters,eci2011_polling_pct,myneta21_candidates,myneta21_parties,myneta26_candidates,nfhs_1,nfhs_2,nfhs_3,nfhs_4,nfhs_5
1,MEKLIGANJ (SC),Koch Bihar,SC,136,224233,114959,109274,149823,2044,134578,89711,34506,23829,991,11521,52998,66.82,0.91,60.02,40.01,65.03,170181,147446,86.64,1,AITC,10,25.0,1058.0,,,
2,MATHABHANGA (SC),Koch Bihar,SC,112,326832,168148,158684,187345,5342,205525,129379,37438,30740,2657,30100,73477,57.32,1.63,62.88,39.59,52.7,194088,168560,86.85,1,BJP,13,25.0,1058.0,,,
3,COOCHBEHAR UTTAR (SC),Koch Bihar,SC,281,496871,256659,240212,183451,20431,332534,188414,37506,51277,7081,46339,113660,36.92,4.11,66.93,37.92,47.12,218743,188235,86.05,1,BJP,11,25.0,1058.0,,,
4,COOCHBEHAR DAKSHIN,Koch Bihar,,81,184999,95678,89321,79663,2280,115407,78755,21300,18536,1272,12891,41818,43.06,1.23,62.38,42.57,50.58,182901,154219,84.32,1,BJP,14,25.0,1058.0,,,
5,SITALKUCHI (SC),Koch Bihar,SC,330,648625,333488,315137,292673,20825,401241,266756,84022,60190,6079,43631,146656,45.12,3.21,61.86,41.13,54.06,216535,191563,88.47,1,BJP,10,25.0,1058.0,,,
6,SITAI (SC),Koch Bihar,SC,134,302490,155088,147402,149692,2171,183549,123653,35890,34051,2233,22408,71145,49.49,0.72,60.68,40.88,56.56,209580,170969,81.58,1,AITC,8,25.0,1058.0,,,
7,DINHATA,Koch Bihar,,121,313972,162700,151272,135444,3539,198550,122688,33431,44106,1840,20464,76802,43.14,1.13,63.24,39.08,63.2,222013,184186,82.96,1,BJP,8,25.0,1058.0,,,
8,NATABARI,Koch Bihar,,343,653347,335899,317448,205258,26409,421405,257360,47421,59314,14081,67150,151237,31.42,4.04,64.5,39.39,41.47,193375,172455,89.18,1,BJP,8,25.0,1058.0,,,
9,TUFANGANJ,Koch Bihar,,121,292897,151142,141755,125179,8925,188831,115772,26268,29149,4585,26452,68467,42.74,3.05,64.47,39.53,47.87,183248,163805,89.39,1,BJP,9,25.0,1058.0,,,
10,KUMARGRAM (ST),Jalpaiguri,ST,220,573048,294599,278449,183910,103428,357645,221833,38522,52597,4709,60336,130842,32.09,18.05,62.41,38.71,41.08,205554,175445,85.35,0,,10,22.6,1038.0,,,
11,KALCHINI (ST),Jalpaiguri,ST,46,227219,113773,113446,30236,112290,133431,90592,7392,4914,911,48337,49689,13.31,49.42,58.72,39.87,13.58,182539,154691,84.74,1,BJP,7,22.6,1038.0,,,
12,ALIPURDUARS,Jalpaiguri,,65,202902,104662,98240,115031,33990,132444,82934,15595,20299,967,24149,46499,56.69,16.75,65.27,40.87,43.28,201029,173281,86.2,1,BJP,9,22.6,1038.0,,,
13,FALAKATA (SC),Jalpaiguri,SC,94,308440,158860,149580,133821,45819,191084,123431,25419,33841,2649,31318,69406,43.39,14.86,61.95,40.02,48.01,189459,164168,86.65,1,AITC,8,22.6,1038.0,,,
14,MADARIHAT (ST),Jalpaiguri,ST,56,250109,125633,124476,48619,99115,145980,101626,7988,7711,658,55505,54423,19.44,39.63,58.37,40.63,15.45,161332,133365,82.66,1,AITC,8,22.6,1038.0,,,
15,DHUPGURI (SC),Jalpaiguri,SC,77,258947,132650,126297,153127,24132,159446,105145,21041,30702,965,22873,57887,59.13,9.32,61.57,40.6,49.21,200408,174486,87.07,1,BJP,13,22.6,1038.0,,,
16,MAYNAGURI (SC),Jalpaiguri,SC,121,361146,186404,174742,235863,9408,231951,134989,33380,33921,2629,34206,82923,65.31,2.61,64.23,37.38,49.86,198615,174480,87.85,1,AITC,13,22.6,1038.0,,,
17,JALPAIGURI (SC),Jalpaiguri,SC,35,227809,117224,110585,136582,14316,147208,96981,20183,20487,875,27577,51561,59.95,6.28,64.62,42.57,41.94,208102,177767,85.42,1,BJP,13,22.6,1038.0,,,
18,RAJGANJ (SC),Jalpaiguri,SC,47,245533,127239,118294,119662,18638,154998,96231,15014,17252,1573,38303,53565,48.74,7.59,63.13,39.19,33.53,178412,160045,89.71,1,BJP,12,22.6,1038.0,,,
19,DABGRAM-PHULBARI,Jalpaiguri,,0,0,0,0,0,0,0,0,0,0,0,0,0,,,,,,209696,175483,83.68,1,BJP,13,22.6,1038.0,,,
20,MAL (ST),Jalpaiguri,ST,110,324755,164706,160049,81432,107277,189963,122779,13391,17119,1272,57741,69942,25.07,33.03,58.49,37.81,24.85,182501,156418,85.71,1,BJP,8,22.6,1038.0,,,
21,NAGRAKATA (ST),Jalpaiguri,ST,72,279911,139878,140033,39251,139142,153370,112526,5024,6471,648,66332,60147,14.02,49.71,54.79,40.2,10.22,183655,153831,83.76,1,BJP,0,22.6,1038.0,,,
22,KALIMPONG,Darjiling,,73,170216,86921,83295,9782,53008,121503,66714,13982,5120,660,19746,34615,5.75,31.14,71.38,39.19,28.63,166388,125103,75.19,1,BJP,0,,,,,
23,DARJEELING,Darjiling,,69,167203,83871,83332,8633,47623,124044,65039,9878,2066,765,31061,36533,5.16,28.48,74.19,38.9,18.36,217964,154681,70.97,1,AITC,0,,,,,
24,KURSEONG,Darjiling,,98,194818,97678,97140,13844,61499,140834,73241,6436,3938,989,40307,42750,7.11,31.57,72.29,37.59,14.16,197531,154907,78.42,1,AITC,0,,,,,
25,MATIGARA-NAXALBARI (SC),Darjiling,SC,177,370336,190422,179914,122159,55013,231944,142498,15076,19255,3144,73978,79936,32.99,14.85,62.63,38.48,24.09,194062,164568,84.8,1,AITC,0,,,,,
26,SILIGURI,Darjiling,,0,0,0,0,0,0,0,0,0,0,0,0,0,,,,,,184303,149917,81.34,1,AITC,0,,,,,
27,PHANSIDEWA (ST),Darjiling,ST,153,312752,160493,152259,118538,70163,181889,120806,16312,19864,2455,54581,66162,37.9,22.43,58.16,38.63,29.95,164907,144299,87.5,1,AITC,0,,,,,
28,CHOPRA,Uttar Dinajpur,,141,427612,220410,207202,78967,20119,221415,141067,27682,31552,2672,47491,85101,18.47,4.7,51.78,32.99,41.99,167193,144117,86.2,1,AITC,0,29.2,1093.0,,,
29,ISLAMPUR,Uttar Dinajpur,,153,355324,182786,172538,79817,15342,182045,117973,25878,32268,2988,29995,72142,22.46,4.32,51.23,33.2,49.29,150195,118923,79.18,1,BJP,0,29.2,1093.0,,,
30,GOALPOKHAR,Uttar Dinajpur,,243,512905,265061,247844,95510,26834,232819,174159,39622,55618,5973,31662,104440,18.62,5.23,45.39,33.96,54.69,170180,125028,73.47,1,BJP,0,29.2,1093.0,,,
31,CHAKULIA,Uttar Dinajpur,,241,454634,233732,220902,103432,28205,222063,158243,30824,52380,4136,28314,93508,22.75,6.2,48.84,34.81,52.58,167013,125205,74.97,1,AITC,0,29.2,1093.0,,,
32,KARANDIGHI,Uttar Dinajpur,,345,627586,321644,305942,151415,33412,346945,245317,42119,62986,14353,56937,132535,24.13,5.32,55.28,39.09,42.84,182522,150199,82.29,0,,0,29.2,1093.0,,,
33,HEMTABAD (SC),Uttar Dinajpur,SC,553,935266,479003,456263,250615,50935,566619,357675,67140,95491,12593,78715,207572,26.8,5.45,60.58,38.24,45.47,185015,157295,85.02,0,,0,29.2,1093.0,,,
34,KALIAGANJ (SC),Uttar Dinajpur,SC,714,1132089,581697,550392,352163,67810,697479,446517,85189,112870,18497,102331,251524,31.11,5.99,61.61,39.44,44.36,202847,178449,87.97,1,AITC,0,29.2,1093.0,,,
35,RAIGANJ,Uttar Dinajpur,,180,350346,179134,171212,92851,17242,206378,133575,22730,33878,5008,30698,76711,26.5,4.92,58.91,38.13,42.38,149614,126697,84.68,1,AITC,0,29.2,1093.0,,,
36,ITAHAR,Uttar Dinajpur,,484,740345,378724,361621,185418,57904,434110,284289,59098,79917,9172,56163,163874,25.04,7.82,58.64,38.4,48.9,164111,140452,85.58,1,BJP,0,29.2,1093.0,,,
37,KUSHMUNDI (SC),Dakshin Dinajpur,SC,737,1038074,530457,507617,291163,62844,641195,392561,81126,98300,12954,90437,234328,28.05,6.05,61.77,37.82,45.71,155978,140112,89.83,1,BJP,0,23.4,1106.0,,,
38,KUMARGANJ,Dakshin Dinajpur,,597,821603,420875,400728,204345,61422,532505,319623,62146,87830,10809,68069,188848,24.87,7.48,64.81,38.9,46.92,148934,132703,89.1,1,BJP,0,23.4,1106.0,,,
39,BALURGHAT,Dakshin Dinajpur,,436,599288,307494,291794,163088,55824,388536,239773,40763,60206,10193,57526,137318,27.21,9.32,64.83,40.01,42.11,139816,124700,89.19,1,AITC,0,23.4,1106.0,,,
40,TAPAN (ST),Dakshin Dinajpur,ST,534,729167,372576,356591,170502,82094,453993,286935,55552,75392,10641,62309,167424,23.38,11.26,62.26,39.35,45.64,156952,140767,89.69,1,BJP,0,23.4,1106.0,,,
41,GANGARAMPUR (SC),Dakshin Dinajpur,SC,257,386334,197631,188703,109021,37898,239577,158043,32237,37721,6501,33563,87688,28.22,9.81,62.01,40.91,44.27,159575,144157,90.34,1,BJP,0,23.4,1106.0,,,
42,HARIRAMPUR,Dakshin Dinajpur,,355,440640,224740,215900,105480,52163,272626,172003,36316,44712,6008,32302,100224,23.94,11.84,61.87,39.03,47.11,162532,140692,86.56,1,AITC,0,23.4,1106.0,,,
43,HABIBPUR (ST),Maldah,ST,138,212989,108512,104477,83822,27615,125579,90929,15435,17919,5444,19328,46190,39.36,12.97,58.96,42.69,36.68,187000,157726,84.35,1,AITC,0,30.2,1062.0,,,
44,GAZOLE (SC),Maldah,SC,211,337008,171562,165446,122375,46944,197519,139260,36110,31270,3662,27168,73756,36.31,13.93,58.61,41.32,48.38,186960,162030,86.67,1,AITC,0,30.2,1062.0,,,
45,CHANCHAL,Maldah,,154,308564,158853,149711,70090,6806,169600,116439,21289,38660,2921,21978,71458,22.71,2.21,54.96,37.74,51.49,171300,140934,82.27,1,AITC,0,30.2,1062.0,,,
46,HARISCHANDRAPUR,Maldah,,122,342486,176631,165855,66227,11898,170500,115756,22559,32492,4260,21948,70863,19.34,3.47,49.78,33.8,47.56,160562,134293,83.64,1,AITC,0,30.2,1062.0,,,
47,MALATIPUR,Maldah,,146,339500,173909,165591,47442,19402,185839,117419,20194,37771,3657,21597,75020,13.97,5.71,54.74,34.59,49.37,151848,126222,83.12,1,BJP,0,30.2,1062.0,,,
48,RATUA,Maldah,,118,353523,182412,171111,51547,21811,194094,121576,21405,29883,3556,27212,74641,14.58,6.17,54.9,34.39,42.19,192832,155083,80.42,1,BJP,0,30.2,1062.0,,,
49,MANIKCHAK,Maldah,,73,216024,111530,104494,60597,26200,114516,77942,7226,17823,2943,20217,48409,28.05,12.13,53.01,36.08,32.14,174680,139972,80.13,1,AITC,0,30.2,1062.0,,,
50,MALDAHA (SC),Maldah,SC,156,260642,133834,126808,76676,22977,142855,99984,16763,26615,3019,23425,56934,29.42,8.82,54.81,38.36,43.38,169551,146469,86.39,1,AITC,0,30.2,1062.0,,,
51,ENGLISH BAZAR,Maldah,,120,196255,100514,95741,45746,10269,119084,75557,9705,13920,4818,24495,43075,23.31,5.23,60.68,38.5,31.27,208529,172830,82.88,1,AITC,0,30.2,1062.0,,,
52,MOTHABARI,Maldah,,46,220247,112358,107889,36171,10697,118497,94064,7304,16444,13653,23599,47577,16.42,4.86,53.8,42.71,25.25,134966,107659,79.77,0,,0,30.2,1062.0,,,
53,SUJAPUR,Maldah,,45,181517,92861,88656,13358,531,102784,78679,5463,9995,10311,26995,37412,7.36,0.29,56.62,43.35,19.65,171380,134008,78.19,1,AITC,0,30.2,1062.0,,,
54,BAISHNAB NAGAR,Maldah,,64,295669,152512,143157,95041,15877,146467,127649,14717,22443,19711,26643,57852,32.14,5.37,49.54,43.17,29.11,172528,145504,84.34,1,AITC,0,30.2,1062.0,,,
55,FARAKKA,Murshidabad,,39,135809,69103,66706,17948,2688,69534,58410,2942,6047,13264,17612,27530,13.22,1.98,51.2,43.01,15.39,153081,136149,88.94,1,AITC,0,29.3,1103.0,,,
56,SAMSERGANJ,Murshidabad,,52,113444,57328,56116,23016,1860,61510,45210,3216,7056,9192,10456,22851,20.29,1.64,54.22,39.85,22.72,152508,131694,86.35,1,AITC,0,29.3,1103.0,,,
57,SUTI,Murshidabad,,66,200318,101832,98486,27648,2372,91164,87040,7698,22255,20539,12416,39900,13.8,1.18,45.51,43.45,34.41,174931,150402,85.98,1,AITC,0,29.3,1103.0,,,
58,JANGIPUR,Murshidabad,,130,300081,153565,146516,82665,10595,177021,121669,14687,24142,9941,34624,64685,27.55,3.53,58.99,40.55,31.91,171691,146905,85.56,1,AITC,0,29.3,1103.0,,,
59,RAGHUNATHGANJ,Murshidabad,,59,187516,95777,91739,25371,3448,95663,74791,6720,12911,11473,23786,38312,13.53,1.84,51.02,39.89,26.25,168860,146514,86.77,1,AITC,0,29.3,1103.0,,,
60,SAGARDIGHI,Murshidabad,,235,446243,228030,218213,99952,26936,267076,161064,24086,50269,5325,40047,99770,22.4,6.04,59.85,36.09,46.16,168136,143988,85.64,1,AITC,0,29.3,1103.0,,,
61,LALGOLA,Murshidabad,,69,274962,140336,134626,40616,2102,166543,96087,10050,18871,5381,32795,58871,14.77,0.76,60.57,34.95,30.1,161259,143089,88.73,1,AITC,0,29.3,1103.0,,,
62,BHAGABANGOLA,Murshidabad,,127,359059,184714,174345,43569,6101,213424,119994,18806,39135,3776,33208,81786,12.13,1.7,59.44,33.42,48.29,179224,162836,90.86,1,BJP,0,29.3,1103.0,,,
63,RANINAGAR,Murshidabad,,162,374690,191715,182975,58984,8046,224612,134749,27292,44045,4259,24709,87397,15.74,2.15,59.95,35.96,52.94,186600,163898,87.83,1,AITC,0,29.3,1103.0,,,
64,MURSHIDABAD,Murshidabad,,132,283766,145434,138332,51293,14415,171528,104288,18127,31750,3670,24373,65112,18.08,5.08,60.45,36.75,47.83,188558,163901,86.92,1,AITC,0,29.3,1103.0,,,
65,NABAGRAM (SC),Murshidabad,SC,129,255215,130782,124433,70288,16582,159239,89948,18059,33009,2116,14353,58730,27.54,6.5,62.39,35.24,56.78,183391,160818,87.69,1,AITC,0,29.3,1103.0,,,
66,KHARGRAM (SC),Murshidabad,SC,158,325995,166854,159141,74068,9547,189767,113949,19426,39846,3673,19108,77450,22.72,2.93,58.21,34.95,52.02,172961,148353,85.77,1,AITC,0,29.3,1103.0,,,
67,BURWAN (SC),Murshidabad,SC,203,371322,190603,180719,97751,11307,229880,132260,24453,38962,3720,26182,87343,26.33,3.05,61.91,35.62,47.95,169158,140947,83.32,0,,0,29.3,1103.0,,,
68,KANDI,Murshidabad,,110,266559,136706,129853,49198,6670,160098,90553,23268,24829,1691,16862,59745,18.46,2.5,60.06,33.97,53.11,178692,144376,80.8,1,AITC,0,29.3,1103.0,,,
69,BHARATPUR,Murshidabad,,103,271164,139031,132133,55023,3557,156733,96427,16382,33102,6740,20486,61738,20.29,1.31,57.8,35.56,51.32,181614,148038,81.51,1,AITC,0,29.3,1103.0,,,
70,REJINAGAR,Murshidabad,,60,242938,125005,117933,23386,1941,144643,85426,15342,19509,7170,26203,53446,9.63,0.8,59.54,35.16,40.8,189141,155894,82.42,1,BJP,0,29.3,1103.0,,,
71,BELDANGA,Murshidabad,,64,206530,106139,100391,32326,5032,122128,71442,12171,18703,3447,19370,45042,15.65,2.44,59.13,34.59,43.22,182630,149917,82.09,1,AITC,0,29.3,1103.0,,,
72,BAHARAMPUR,Murshidabad,,37,94911,48520,46391,15365,3557,60748,34340,5326,11186,1290,8626,22723,16.19,3.75,64.01,36.18,48.08,206158,167160,81.08,1,AITC,0,29.3,1103.0,,,
73,HARIHARPARA,Murshidabad,,64,272824,139340,133484,20851,4213,167394,94903,20781,29226,3860,17993,66766,7.64,1.54,61.36,34.79,52.69,181557,163976,90.32,1,AITC,0,29.3,1103.0,,,
74,NAODA,Murshidabad,,42,197186,101091,96095,29287,1382,121727,65879,13334,20049,2091,18028,45318,14.85,0.7,61.73,33.41,50.67,183948,156514,85.09,1,AITC,0,29.3,1103.0,,,
75,DOMKAL,Murshidabad,,67,294918,150908,144010,16972,2763,169396,104791,21750,31864,4382,24014,71137,5.75,0.94,57.44,35.53,51.16,193539,173372,89.58,1,AITC,0,29.3,1103.0,,,
76,JALANGI,Murshidabad,,49,280147,143362,136785,41941,2843,164701,95376,18723,35301,3115,19342,66173,14.97,1.01,58.79,34.04,56.64,192844,172080,89.23,1,AITC,0,29.3,1103.0,,,
77,KARIMPUR,Nadia,,71,216584,111451,105133,37409,5327,122785,74106,16457,30945,1952,11292,57293,17.27,2.46,56.69,34.22,63.97,196546,178229,90.68,1,AITC,0,21.5,1071.0,,,
78,TEHATTA,Nadia,,81,211863,108994,102869,76931,5846,133524,75108,16389,28545,2996,15527,51507,36.31,2.76,63.02,35.45,59.83,199458,176395,88.44,1,AITC,0,21.5,1071.0,,,
79,PALASHIPARA,Nadia,,64,255907,131140,124767,36907,3677,152653,81596,23049,29537,1537,15369,59837,14.42,1.44,59.65,31.89,64.45,185525,159674,86.07,1,AITC,0,21.5,1071.0,,,
80,KALIGANJ,Nadia,,52,163705,84060,79645,24949,946,96647,53713,10506,20486,2120,12055,37753,15.24,0.58,59.04,32.81,57.7,186279,156592,84.06,1,AITC,0,21.5,1071.0,,,
81,NAKASHIPARA,Nadia,,97,215540,110693,104847,59885,7995,127586,71731,12707,25155,2906,15727,50220,27.78,3.71,59.19,33.28,52.78,187228,163882,87.53,1,AITC,0,21.5,1071.0,,,
82,CHAPRA,Nadia,,74,241228,123546,117682,43679,2203,146414,77216,18934,27081,1533,13809,54725,18.11,0.91,60.7,32.01,59.59,186756,164349,88.0,1,BJP,0,21.5,1071.0,,,
83,KRISHNANAGAR  UTTAR,Nadia,,35,88526,45769,42757,40123,3728,56559,30720,6251,9665,1567,9543,20970,45.32,4.21,63.89,34.7,51.81,200975,170632,84.9,1,AITC,0,21.5,1071.0,,,
84,NABADWIP,Nadia,,37,104743,54167,50576,25413,5679,59770,39809,5542,10030,6242,10483,24205,24.26,5.42,57.06,38.01,39.12,200147,176105,87.99,1,AITC,0,21.5,1071.0,,,
85,KRISHNANAGAR  DAKSHIN,Nadia,,61,198673,101981,96692,44985,5564,128949,76106,11481,19813,5760,26169,46903,22.64,2.8,64.91,38.31,41.12,174161,153959,88.4,1,BJP,0,21.5,1071.0,,,
86,SANTIPUR,Nadia,,30,61424,31570,29854,28872,2320,38027,25342,3539,5595,6011,5925,14247,47.0,3.78,61.91,41.26,36.04,190634,171255,89.83,1,BJP,0,21.5,1071.0,,,
87,RANAGHAT UTTAR PASCHIM,Nadia,,23,53324,27594,25730,23223,1738,34984,20285,3718,5143,1810,7518,12640,43.55,3.26,65.61,38.04,43.68,211540,186421,88.13,1,BJP,0,21.5,1071.0,,,
88,KRISHNAGANJ (SC),Nadia,SC,79,208603,107860,100743,93462,8466,143424,76271,17941,21842,3540,20701,48795,44.8,4.06,68.75,36.56,52.16,210505,185179,87.97,1,BJP,0,21.5,1071.0,,,
89,RANAGHAT UTTAR PURBA(SC),Nadia,SC,63,205351,106247,99104,116834,10356,143648,73735,17080,18529,3030,22977,47174,56.89,5.04,69.95,35.91,48.29,201195,170519,84.75,1,BJP,0,21.5,1071.0,,,
90,RANAGHAT DAKSHIN  (SC),Nadia,SC,75,153762,79234,74528,54168,8360,107291,55184,13654,16729,1801,15528,36324,35.23,5.44,69.78,35.89,55.06,222418,194168,87.3,0,,0,21.5,1071.0,,,
91,CHAKDAHA,Nadia,,64,145152,74884,70268,55372,10381,101875,51935,10237,15736,1038,16477,33259,38.15,7.15,70.19,35.78,50.01,192318,173470,90.2,1,BJP,0,21.5,1071.0,,,
92,KALYANI (SC),Nadia,SC,26,66586,34320,32266,36644,2144,44289,22910,3306,6007,384,9859,15023,55.03,3.22,66.51,34.41,40.65,198769,179230,90.17,1,BJP,0,21.5,1071.0,,,
93,HARINGHATA (SC),Nadia,SC,86,206557,106322,100235,79663,11359,147617,77499,16331,22531,2373,22466,47137,38.57,5.5,71.47,37.52,50.15,187807,168582,89.76,1,BJP,0,21.5,1071.0,,,
94,BAGDA (SC),North Twenty Four Parganas,SC,119,298943,153907,145036,143727,13157,207026,114669,23019,36723,3544,31118,70577,48.08,4.4,69.25,38.36,52.1,203625,173563,85.24,1,BJP,0,20.6,1013.0,,,
95,BANGAON UTTAR(SC),North Twenty Four Parganas,SC,58,137714,70920,66794,60652,4037,99060,51286,10619,12747,1642,15927,32273,44.04,2.93,71.93,37.24,45.56,189468,163679,86.39,1,BJP,0,20.6,1013.0,,,
96,BANGAON DAKSHIN (SC),North Twenty Four Parganas,SC,73,169819,87500,82319,85137,4092,120881,61398,15277,20138,1434,16226,40411,50.13,2.41,71.18,36.15,57.68,189044,163292,86.38,1,BJP,0,20.6,1013.0,,,
97,GAIGHATA (SC),North Twenty Four Parganas,SC,80,174112,89251,84861,61610,8207,128103,63918,9285,16664,2420,23797,40646,35.39,4.71,73.58,36.71,40.6,186186,164688,88.45,1,BJP,0,20.6,1013.0,,,
98,SWARUPNAGAR (SC),North Twenty Four Parganas,SC,65,210581,107751,102830,63862,912,146155,80255,17186,23111,2453,16664,50200,30.33,0.43,69.41,38.11,50.21,196006,170776,87.13,1,AITC,0,20.6,1013.0,,,
99,BADURIA,North Twenty Four Parganas,,50,166015,84682,81333,29938,4762,115031,61638,9396,14837,3173,20510,38555,18.03,2.87,69.29,37.13,39.32,188461,169333,89.85,1,AITC,0,20.6,1013.0,,,
100,HABRA,North Twenty Four Parganas,,38,111589,57879,53710,35755,4059,82091,40615,4259,9711,2236,17966,26351,32.04,3.64,73.57,36.4,34.4,180458,156819,86.9,1,AITC,0,20.6,1013.0,,,
101,ASHOKNAGAR,North Twenty Four Parganas,,56,107110,55003,52107,15325,2688,76666,38379,6633,10640,1000,12998,25000,14.31,2.51,71.58,35.83,45.01,193115,170603,88.34,1,AITC,0,20.6,1013.0,,,
102,AMDANGA,North Twenty Four Parganas,,50,129069,66372,62697,26598,1354,91488,46851,7463,12732,928,17260,29276,20.61,1.05,70.88,36.3,43.1,177905,162099,91.12,1,AITC,0,20.6,1013.0,,,
103,BIJPUR,North Twenty Four Parganas,,0,0,0,0,0,0,0,0,0,0,0,0,0,,,,,,158823,127205,80.09,1,AITC,0,20.6,1013.0,,,
104,NAIHATI,North Twenty Four Parganas,,21,47641,24354,23287,9233,2169,36477,16838,1796,2597,575,9824,11365,19.38,4.55,76.57,35.34,26.09,153264,131566,85.84,1,AITC,0,20.6,1013.0,,,
105,BHATPARA,North Twenty Four Parganas,,0,0,0,0,0,0,0,0,0,0,0,0,0,,,,,,123505,94388,76.42,1,BJP,0,20.6,1013.0,,,
106,JAGATDAL,North Twenty Four Parganas,,10,33207,16973,16234,10268,2137,23150,11757,1433,3035,316,5384,7587,30.92,6.44,69.71,35.41,38.0,172874,146965,85.01,1,AITC,0,20.6,1013.0,,,
107,NOAPARA,North Twenty Four Parganas,,7,17018,8686,8332,3703,370,12962,6083,267,351,170,4508,4052,21.76,2.17,76.17,35.74,10.16,205070,170173,82.98,1,AITC,0,20.6,1013.0,,,
108,BARRACKPUR,North Twenty Four Parganas,,0,0,0,0,0,0,0,0,0,0,0,0,0,,,,,,170241,132558,77.86,0,,0,20.6,1013.0,,,
109,KHARDAH,North Twenty Four Parganas,,13,43916,22639,21277,7918,1112,31149,15236,837,1080,464,10400,10104,18.03,2.53,70.93,34.69,12.58,169661,148050,87.26,1,AITC,0,20.6,1013.0,,,
110,DUM DUM UTTAR,North Twenty Four Parganas,,0,0,0,0,0,0,0,0,0,0,0,0,0,,,,,,204245,177320,86.82,1,AITC,0,20.6,1013.0,,,
111,PANIHATI,North Twenty Four Parganas,,0,0,0,0,0,0,0,0,0,0,0,0,0,,,,,,186741,151569,81.17,1,AITC,0,20.6,1013.0,,,
112,KAMARHATI,North Twenty Four Parganas,,0,0,0,0,0,0,0,0,0,0,0,0,0,,,,,,161809,127935,79.07,1,AITC,0,20.6,1013.0,,,
113,BARANAGAR,North Twenty Four Parganas,,0,0,0,0,0,0,0,0,0,0,0,0,0,,,,,,186723,148403,79.48,1,AITC,0,20.6,1013.0,,,
114,DUM DUM,North Twenty Four Parganas,,0,0,0,0,0,0,0,0,0,0,0,0,0,,,,,,199321,161129,80.84,1,AITC,0,20.6,1013.0,,,
115,RAJARHAT NEW TOWN,North Twenty Four Parganas,,36,84575,43498,41077,34226,2945,60029,28563,3397,3678,1251,15410,18876,40.47,3.48,70.98,33.77,24.77,184101,164047,89.11,1,AITC,0,20.6,1013.0,,,
116,BIDHANNAGAR,North Twenty Four Parganas,,0,0,0,0,0,0,0,0,0,0,0,0,0,,,,,,200265,148920,74.36,1,AITC,0,20.6,1013.0,,,
117,RAJARHAT GOPALPUR,North Twenty Four Parganas,,0,0,0,0,0,0,0,0,0,0,0,0,0,,,,,,192748,150401,78.03,1,AITC,0,20.6,1013.0,,,
118,MADHYAMGRAM,North Twenty Four Parganas,,35,67282,34814,32468,6329,1634,46662,23033,2607,4109,793,12307,14571,9.41,2.43,69.35,34.23,29.16,197211,174662,88.57,1,AITC,0,20.6,1013.0,,,
119,BARASAT,North Twenty Four Parganas,,6,26673,13616,13057,1782,148,19185,9146,652,1147,467,5156,6098,6.68,0.55,71.93,34.29,19.67,211207,178498,84.51,1,AITC,0,20.6,1013.0,,,
120,DEGANGA,North Twenty Four Parganas,,79,220368,112841,107527,26274,3001,150046,78141,13042,18871,2319,25605,49715,11.92,1.36,68.09,35.46,40.84,175793,158739,90.3,1,AITC,0,20.6,1013.0,,,
121,HAROA,North Twenty Four Parganas,,97,247077,127136,119941,39106,11497,165221,84067,11414,21905,2614,30186,53814,15.83,4.65,66.87,34.02,39.63,186630,167713,89.86,1,AITC,0,20.6,1013.0,,,
122,MINAKHAN (SC),North Twenty Four Parganas,SC,79,208576,106948,101628,57013,17343,128991,71517,10793,19614,1468,17605,45109,27.33,8.31,61.84,34.29,42.52,164562,151207,91.88,1,AITC,0,20.6,1013.0,,,
123,SANDESHKHALI (ST),North Twenty Four Parganas,ST,44,256053,130416,125637,92824,63697,155892,96158,11798,24373,1239,21305,58851,36.25,24.88,60.88,37.55,37.62,172416,154877,89.83,0,,0,20.6,1013.0,,,
124,BASIRHAT DAKSHIN,North Twenty Four Parganas,,49,135824,69573,66251,17200,2950,86972,50359,6940,10755,2936,20958,30283,12.66,2.17,64.03,37.08,35.14,213441,186407,87.33,0,,0,20.6,1013.0,,,
125,BASIRHAT UTTAR,North Twenty Four Parganas,,79,226781,116053,110728,36277,8132,149047,82944,9352,20123,3664,31658,51766,16.0,3.59,65.72,36.57,35.54,193135,167355,86.65,0,,0,20.6,1013.0,,,
126,HINGALGANJ (SC),North Twenty Four Parganas,SC,64,234898,119965,114933,144496,17811,158160,98507,11766,23347,5113,17869,59549,61.51,7.58,67.33,41.94,35.65,185015,159414,86.16,0,,0,20.6,1013.0,,,
127,GOSABA (SC),South Twenty Four Parganas,SC,49,212404,108416,103988,124706,19599,147295,93386,11902,18838,1096,10980,49891,58.71,9.23,69.35,43.97,32.92,180768,154695,85.58,0,,0,25.5,1055.0,,,
128,BASANTI (SC),South Twenty Four Parganas,SC,45,270222,137219,133003,90467,12344,151080,103135,14933,22019,3211,14920,55804,33.48,4.57,55.91,38.17,35.83,182806,148541,81.26,0,,0,25.5,1055.0,,,
129,KULTALI (SC),South Twenty Four Parganas,SC,44,257985,132229,125756,100166,3018,150686,99593,16150,20521,3414,14812,51014,38.83,1.17,58.41,38.6,36.82,187950,167283,89.0,0,,0,25.5,1055.0,,,
130,PATHARPRATIMA,South Twenty Four Parganas,,58,230472,117561,112911,53970,1644,165568,95022,11474,16356,1114,16212,47803,23.42,0.71,71.84,41.23,29.29,199486,182253,91.36,0,,0,25.5,1055.0,,,
131,KAKDWIP,South Twenty Four Parganas,,29,177995,90880,87115,53140,1395,125311,63596,7470,9567,1076,17181,38964,29.85,0.78,70.4,35.73,26.79,180377,164189,91.03,0,,0,25.5,1055.0,,,
132,SAGAR,South Twenty Four Parganas,,53,237980,122390,115590,64091,1140,177047,91813,15667,16660,1379,18852,50774,26.93,0.48,74.4,38.58,35.21,203625,187124,91.9,0,,0,25.5,1055.0,,,
133,KULPI,South Twenty Four Parganas,,100,162137,82925,79212,49520,210,106976,54125,4734,9397,1902,17104,34314,30.54,0.13,65.98,33.38,26.11,164733,142787,86.68,0,,0,25.5,1055.0,,,
134,RAIDIGHI,South Twenty Four Parganas,,57,273364,140625,132739,76578,5243,181360,98622,13944,20094,3150,21135,56473,28.01,1.92,66.34,36.08,34.51,207140,187395,90.47,0,,0,25.5,1055.0,,,
135,MANDIRBAZAR (SC),South Twenty Four Parganas,SC,106,203320,104562,98758,90279,92,131974,67443,4477,8308,2093,25770,42851,44.4,0.05,64.91,33.17,18.96,181170,155710,85.95,0,,0,25.5,1055.0,,,
136,JAYNAGAR (SC),South Twenty Four Parganas,SC,42,170074,87236,82838,72504,64,105038,59133,5819,10054,3857,21045,34872,42.63,0.04,61.76,34.77,26.84,174871,144986,82.91,0,,0,25.5,1055.0,,,
137,BARUIPUR PURBA (SC),South Twenty Four Parganas,SC,58,203042,104166,98876,84155,544,126476,68820,6537,12395,3193,24901,42906,41.45,0.27,62.29,33.89,27.51,189023,160249,84.78,0,,0,25.5,1055.0,,,
138,CANNING PASCHIM (SC),South Twenty Four Parganas,SC,43,153114,78128,74986,66123,2576,84211,52916,8518,9560,2547,12972,30414,43.19,1.68,55.0,34.56,34.16,177849,153239,86.16,0,,0,25.5,1055.0,,,
139,CANNING PURBA,South Twenty Four Parganas,,74,266883,136049,130834,64979,13746,154065,90181,12122,21405,1598,18918,53895,24.35,5.15,57.73,33.79,37.18,173009,156756,90.61,1,AITC,0,25.5,1055.0,,,
140,BARUIPUR PASCHIM,South Twenty Four Parganas,,38,87470,44681,42789,37391,80,62329,32251,3949,3397,1074,14682,19999,42.75,0.09,71.26,36.87,22.78,181548,153334,84.46,1,AITC,0,25.5,1055.0,,,
141,MAGRAHAT PURBA (SC),South Twenty Four Parganas,SC,50,159401,81944,77457,67489,26,107382,54255,5752,7512,3491,21173,33877,42.34,0.02,67.37,34.04,24.45,177554,151403,85.27,1,AITC,0,25.5,1055.0,,,
142,MAGRAHAT PASCHIM,South Twenty Four Parganas,,59,164726,84337,80389,41773,369,104747,53938,4651,5936,4559,21085,33861,25.36,0.22,63.59,32.74,19.63,169168,141986,83.93,1,AITC,0,25.5,1055.0,,,
143,DIAMOND HARBOUR,South Twenty Four Parganas,,91,194976,99840,95136,44031,3019,131031,69806,5876,8979,2464,30623,42573,22.58,1.55,67.2,35.8,21.28,192505,164384,85.39,1,AITC,0,25.5,1055.0,,,
144,FALTA,South Twenty Four Parganas,,97,172084,87792,84292,46336,1495,116436,62629,5533,8949,2687,27167,39248,26.93,0.87,67.66,36.39,23.12,182605,156405,85.65,1,AITC,0,25.5,1055.0,,,
145,SATGACHHIA,South Twenty Four Parganas,,72,178073,91102,86971,43279,220,125397,65220,4589,9068,4855,27964,40484,24.3,0.12,70.42,36.63,20.94,214998,183501,85.35,1,AITC,0,25.5,1055.0,,,
146,BISHNUPUR (SC),South Twenty Four Parganas,SC,83,204408,104863,99545,102960,136,142058,74591,7156,7918,5975,32743,45682,50.37,0.07,69.5,36.49,20.21,210599,177928,84.49,1,AITC,0,25.5,1055.0,,,
147,SONARPUR DAKSHIN,South Twenty Four Parganas,,17,43927,22390,21537,20760,413,31176,16039,1828,1876,541,8828,10292,47.26,0.94,70.97,36.51,23.09,202701,169897,83.82,1,AITC,0,25.5,1055.0,,,
148,BHANGAR,South Twenty Four Parganas,,65,237394,122084,115310,51174,1910,153066,81203,17487,14780,3870,29726,48718,21.56,0.8,64.48,34.21,39.74,187372,173930,92.83,1,AITC,0,25.5,1055.0,,,
149,KASBA,Kolkata,,0,0,0,0,0,0,0,0,0,0,0,0,0,,,,,,224955,174223,77.45,1,AITC,0,16.0,954.0,,,
150,JADAVPUR,Kolkata,,0,0,0,0,0,0,0,0,0,0,0,0,0,,,,,,253932,199096,78.41,1,AITC,0,16.0,954.0,,,
151,SONARPUR UTTAR,South Twenty Four Parganas,,16,56056,28766,27290,32374,1453,39669,21376,2707,2160,365,10894,12900,57.75,2.59,70.77,38.13,22.77,197582,162767,82.38,1,AITC,0,25.5,1055.0,,,
152,TOLLYGANJ,Kolkata,,0,0,0,0,0,0,0,0,0,0,0,0,0,,,,,,234411,183026,78.08,1,AITC,0,16.0,954.0,,,
153,BEHALA PURBA,Kolkata,,4,10274,5122,5152,2295,48,8023,4213,150,253,76,3104,2698,22.34,0.47,78.09,41.01,9.57,243394,194208,79.79,1,AITC,0,16.0,954.0,,,
154,BEHALA PASCHIM,Kolkata,,0,0,0,0,0,0,0,0,0,0,0,0,0,,,,,,260955,203218,77.87,1,AITC,0,16.0,954.0,,,
155,MAHESHTALA,South Twenty Four Parganas,,0,0,0,0,0,0,0,0,0,0,0,0,0,,,,,,214985,175700,81.73,1,AITC,0,25.5,1055.0,,,
156,BUDGE BUDGE,South Twenty Four Parganas,,15,37464,19100,18364,16230,14,26785,13850,708,1430,920,7147,9002,43.32,0.04,71.5,36.97,15.44,199778,167419,83.8,1,AITC,0,25.5,1055.0,,,
157,METIABURUZ,Kolkata,,0,0,0,0,0,0,0,0,0,0,0,0,0,,,,,,182250,132972,72.96,1,AITC,0,16.0,954.0,,,
158,Kolkata Port,Kolkata,,0,0,0,0,0,0,0,0,0,0,0,0,0,,,,,,199234,131343,65.92,0,,0,16.0,954.0,,,
159,Bhabanipur,Kolkata,,0,0,0,0,0,0,0,0,0,0,0,0,0,,,,,,212821,135741,63.78,1,AITC,0,16.0,954.0,,,
160,Rashbehari,Kolkata,,0,0,0,0,0,0,0,0,0,0,0,0,0,,,,,,200423,135617,67.67,1,AITC,0,16.0,954.0,,,
161,Ballygunge,Kolkata,,0,0,0,0,0,0,0,0,0,0,0,0,0,,,,,,219835,145433,66.16,1,AITC,0,16.0,954.0,,,
162,Chowrangee,Kolkata,,0,0,0,0,0,0,0,0,0,0,0,0,0,,,,,,203052,110518,54.43,1,AITC,0,16.0,954.0,,,
163,Entally,Kolkata,,0,0,0,0,0,0,0,0,0,0,0,0,0,,,,,,194107,135005,69.55,1,AITC,0,16.0,954.0,,,
164,Belghata,Kolkata,,0,0,0,0,0,0,0,0,0,0,0,0,0,,,,,,229927,162204,70.55,1,AITC,0,16.0,954.0,,,
165,Jorsanko,Kolkata,,0,0,0,0,0,0,0,0,0,0,0,0,0,,,,,,203439,113420,55.75,1,AITC,0,16.0,954.0,,,
166,Shyampukur,Kolkata,,0,0,0,0,0,0,0,0,0,0,0,0,0,,,,,,185859,125800,67.69,1,Rashtriya Secular Majlis Party,0,16.0,954.0,,,
167,Maniktala,Kolkata,,0,0,0,0,0,0,0,0,0,0,0,0,0,,,,,,203191,148298,72.98,1,AITC,0,16.0,954.0,,,
168,Kashipur-Belghachhia,Kolkata,,0,0,0,0,0,0,0,0,0,0,0,0,0,,,,,,210566,141748,67.32,1,AITC,0,16.0,954.0,,,
169,BALLY,Haora,,0,0,0,0,0,0,0,0,0,0,0,0,0,,,,,,142634,105240,73.78,1,AITC,0,21.2,1011.0,,,
170,HOWRAH UTTAR,Haora,,0,0,0,0,0,0,0,0,0,0,0,0,0,,,,,,172171,124865,72.52,1,AITC,0,21.2,1011.0,,,
171,HOWRAH MADHYA,Haora,,0,0,0,0,0,0,0,0,0,0,0,0,0,,,,,,224536,166407,74.11,1,AITC,0,21.2,1011.0,,,
172,SHIBPUR,Haora,,0,0,0,0,0,0,0,0,0,0,0,0,0,,,,,,197987,162957,82.31,1,AITC,0,21.2,1011.0,,,
173,HOWRAH DAKSHIN,Haora,,0,0,0,0,0,0,0,0,0,0,0,0,0,,,,,,234521,180437,76.94,0,,0,21.2,1011.0,,,
174,SANKRAIL (SC),Haora,SC,8,20646,10603,10043,8169,62,14329,8064,290,228,1891,4238,4581,39.57,0.3,69.4,39.06,6.42,211354,172024,81.39,1,AITC,0,21.2,1011.0,,,
175,PANCHLA,Haora,,29,67335,34617,32718,17933,541,47335,26447,1636,2226,5621,9491,14457,26.63,0.8,70.3,39.28,14.6,206662,167447,81.02,1,AITC,0,21.2,1011.0,,,
176,ULUBERIA PURBA,Haora,,5,12157,6318,5839,3387,5,8999,4402,254,204,332,2611,2658,27.86,0.04,74.02,36.21,10.4,176922,148555,83.97,1,AITC,0,21.2,1011.0,,,
177,ULUBERIA UTTAR (SC),Haora,SC,31,101664,52093,49571,36167,59,68982,37055,2870,5915,3973,15441,22641,35.58,0.06,67.85,36.45,23.71,170752,145904,85.45,1,AITC,0,21.2,1011.0,,,
178,ULUBERIA DAKSHIN,Haora,,58,140187,71477,68710,34922,209,95620,50726,4564,8651,5711,15731,30136,24.91,0.15,68.21,36.18,26.05,174596,149114,85.41,1,AITC,0,21.2,1011.0,,,
179,SHYAMPUR,Haora,,74,158325,80574,77751,26650,776,112865,57939,5446,9406,2179,20998,35892,16.83,0.49,71.29,36.59,25.63,208848,175711,84.13,1,AITC,0,21.2,1011.0,,,
180,BAGNAN,Haora,,54,159876,82691,77185,18620,702,115936,60817,5092,8522,2559,26801,34737,11.65,0.44,72.52,38.04,22.39,180651,154606,85.58,1,AITC,0,21.2,1011.0,,,
181,AMTA,Haora,,64,188494,97225,91269,51349,285,135343,69612,7556,10427,3862,30502,41160,27.24,0.15,71.8,36.93,25.83,206749,170502,82.47,1,AITC,0,21.2,1011.0,,,
182,UDAYNARAYANPUR,Haora,,91,206885,106357,100528,47901,1584,151485,83873,9889,14232,7678,37007,46646,23.15,0.77,73.22,40.54,28.76,190753,166786,87.44,1,AITC,0,21.2,1011.0,,,
183,JAGATBALLAVPUR,Haora,,57,114768,58394,56374,32006,1175,77481,44010,3647,4710,7435,19631,24343,27.89,1.02,67.51,38.35,18.99,225661,189560,84.0,1,AITC,0,21.2,1011.0,,,
184,DOMJUR,Haora,,8,25296,12726,12570,6756,70,18502,10444,462,342,1441,6698,5840,26.71,0.28,73.14,41.29,7.7,216676,187003,86.31,1,AITC,0,21.2,1011.0,,,
185,UTTARPARA,Hugli,,1,958,473,485,695,4,707,348,12,26,3,143,233,72.55,0.42,73.8,36.33,10.92,217099,175347,80.77,1,AITC,0,19.9,1082.0,,,
186,SREERAMPUR,Hugli,,8,24237,12342,11895,6265,292,17602,8270,424,804,431,5291,5268,25.85,1.2,72.62,34.12,14.85,207798,153649,73.94,1,AITC,0,19.9,1082.0,,,
187,CHAMPDANI,Hugli,,2,5801,2943,2858,3555,3,4094,2247,245,220,67,1393,1451,61.28,0.05,70.57,38.73,20.69,209316,161824,77.31,1,AITC,0,19.9,1082.0,,,
188,SINGUR,Hugli,,66,129914,65810,64104,23705,3164,95823,51179,8774,6683,3494,22706,30017,18.25,2.44,73.76,39.39,30.2,205596,175130,85.18,1,AITC,0,19.9,1082.0,,,
189,CHANDANNAGAR,Hugli,,0,0,0,0,0,0,0,0,0,0,0,0,0,,,,,,200388,158718,79.21,1,AITC,0,19.9,1082.0,,,
190,CHUNCHURA,Hugli,,36,56603,28613,27990,15252,7137,40317,24784,3005,7032,495,8624,13511,26.95,12.61,71.23,43.79,40.5,263852,223646,84.76,1,AITC,0,19.9,1082.0,,,
191,BALAGARH (SC),Hugli,SC,93,139400,71095,68305,46109,14597,98636,58617,10194,18450,1430,13723,33833,33.08,10.47,70.76,42.05,48.87,207853,183907,88.48,1,AITC,0,19.9,1082.0,,,
192,PANDUA,Hugli,,119,194360,98034,96326,65074,31410,131175,87687,10584,26259,2047,17240,45384,33.48,16.16,67.49,45.12,42.02,207334,181917,87.74,1,AITC,0,19.9,1082.0,,,
193,SAPTAGRAM,Hugli,,70,116058,58952,57106,44525,9221,79579,52460,7432,17929,1514,11949,27392,38.36,7.95,68.57,45.2,48.34,186882,159893,85.56,1,AITC,0,19.9,1082.0,,,
194,CHANDITALA,Hugli,,16,37854,19260,18594,8528,272,28876,13785,921,1124,754,9170,8516,22.53,0.72,76.28,36.42,14.83,202047,164771,81.55,1,AITC,0,19.9,1082.0,,,
195,JANGIPARA,Hugli,,91,155004,78504,76500,47453,5145,111183,60847,7213,14363,4394,20769,33806,30.61,3.32,71.73,39.26,35.46,203459,172572,84.82,1,AITC,0,19.9,1082.0,,,
196,HARIPAL,Hugli,,125,215811,109279,106532,58733,11727,153557,84301,12463,20390,4449,28515,48814,27.22,5.43,71.15,39.06,38.97,214029,182783,85.4,1,AITC,0,19.9,1082.0,,,
197,DHANEKHALI (SC),Hugli,SC,177,232300,116850,115450,71098,33845,158547,103718,16704,32530,2622,21121,55484,30.61,14.57,68.25,44.65,47.47,222562,196438,88.26,1,AITC,0,19.9,1082.0,,,
198,TARAKESWAR,Hugli,,95,172067,87621,84446,46799,10784,123119,72175,12274,16319,1776,20005,40331,27.2,6.27,71.55,41.95,39.62,197378,176144,89.24,1,AITC,0,19.9,1082.0,,,
199,PURSURAH,Hugli,,96,248614,127184,121430,75144,2111,174174,93968,18008,20632,2409,26061,56355,30.23,0.85,70.06,37.8,41.12,214053,191662,89.54,1,AITC,0,19.9,1082.0,,,
200,ARAMBAG (SC),Hugli,SC,115,209064,107144,101920,72413,3870,148171,80289,12444,18865,3053,20355,47168,34.64,1.85,70.87,38.4,39.0,207829,183728,88.4,1,AITC,0,19.9,1082.0,,,
201,GOGHAT (SC),Hugli,SC,175,234366,120086,114280,83811,13693,163252,92459,21810,24832,1939,21357,51718,35.76,5.84,69.66,39.45,50.45,193452,176464,91.22,1,AITC,0,19.9,1082.0,,,
202,KHANAKUL,Hugli,,85,240672,122882,117790,64726,2314,169357,88857,14384,15022,5322,32047,53042,26.89,0.96,70.37,36.92,33.09,219432,184446,84.06,0,,0,19.9,1082.0,,,
203,TAMLUK,Purba Medinipur,,77,176410,91153,85257,10869,127,136473,66213,6344,8567,2632,24591,39467,6.16,0.07,77.36,37.53,22.52,209937,189565,90.3,1,AITC,0,23.9,1031.0,,,
204,PANSKURA PURBA,Purba Medinipur,,73,159184,82283,76901,12036,616,119202,59985,7537,5799,5038,22853,34203,7.56,0.39,74.88,37.68,22.23,186105,163721,87.97,1,AITC,0,23.9,1031.0,,,
205,PANSKURA PASCHIM,Purba Medinipur,,149,197288,101586,95702,17610,8708,145214,90585,13658,13037,6436,21715,43652,8.93,4.41,73.61,45.92,29.47,211663,186947,88.32,1,AITC,0,23.9,1031.0,,,
206,MOYNA,Purba Medinipur,,91,215344,111890,103454,49408,262,163819,84435,12922,15988,2839,15252,50622,22.94,0.12,76.07,39.21,34.24,196999,178684,90.7,1,AITC,0,23.9,1031.0,,,
207,NANDAKUMAR,Purba Medinipur,,96,235587,121628,113959,34502,511,177304,93448,13210,13227,4108,21328,52747,14.65,0.22,75.26,39.67,28.29,192197,176212,91.68,1,AITC,0,23.9,1031.0,,,
208,MAHISADAL,Purba Medinipur,,62,183262,94654,88608,19547,440,139341,66491,5825,9673,1487,20434,40525,10.67,0.24,76.03,36.28,23.31,189874,173147,91.19,1,AITC,0,23.9,1031.0,,,
209,HALDIA (SC),Purba Medinipur,SC,37,60266,30987,29279,21369,158,44510,19032,788,2111,276,5666,13076,35.46,0.26,73.86,31.58,15.23,188653,174478,92.49,1,AITC,0,23.9,1031.0,,,
210,NANDIGRAM,Purba Medinipur,,83,202854,104249,98605,25979,421,151466,67232,6155,10902,1064,13579,42644,12.81,0.21,74.67,33.14,25.37,195232,172487,88.35,1,AITC,0,23.9,1031.0,,,
211,CHANDIPUR,Purba Medinipur,,112,204500,105723,98777,25742,411,157777,76687,6537,8809,2200,15163,45566,12.59,0.2,77.15,37.5,20.01,188758,173421,91.87,1,AITC,0,23.9,1031.0,,,
212,PATASHPUR,Purba Medinipur,,121,166339,85999,80340,19171,1265,126226,65141,14646,12042,1852,8870,37781,11.53,0.76,75.88,39.16,40.97,182774,169255,92.6,1,AITC,0,23.9,1031.0,,,
213,KANTHI UTTAR,Purba Medinipur,,205,235402,121175,114227,31743,221,185690,93373,11925,15238,2176,23359,50883,13.48,0.09,78.88,39.67,29.09,202138,184028,91.04,1,AITC,0,23.9,1031.0,,,
214,BHAGABANPUR,Purba Medinipur,,182,227139,117085,110054,37626,209,180705,87507,10037,14973,1575,15963,52874,16.57,0.09,79.56,38.53,28.58,198952,183781,92.37,1,AITC,0,23.9,1031.0,,,
215,KHEJURI (SC),Purba Medinipur,SC,97,212400,109107,103293,70004,753,163521,77778,7614,8663,1133,16971,44039,32.96,0.35,76.99,36.62,20.93,177602,165599,93.24,1,AITC,0,23.9,1031.0,,,
216,KANTHI DAKSHIN,Purba Medinipur,,168,143571,74074,69497,21734,99,113828,53293,5117,8313,1069,16406,30873,15.14,0.07,79.28,37.12,25.2,175105,152389,87.03,1,AITC,0,23.9,1031.0,,,
217,RAMNAGAR,Purba Medinipur,,145,190755,97635,93120,22806,652,150986,68154,10554,14205,790,18516,39280,11.96,0.34,79.15,35.73,36.33,203723,178482,87.61,1,AITC,0,23.9,1031.0,,,
218,EGRA,Purba Medinipur,,106,175217,90554,84663,23053,1813,130879,71546,18055,15972,991,10870,37435,13.16,1.03,74.7,40.83,47.56,219399,192468,87.73,1,AITC,0,23.9,1031.0,,,
219,DANTAN,Paschim Medinipur,,173,214778,110053,104725,20671,14874,152481,75339,20922,18441,770,10421,45647,9.62,6.93,70.99,35.08,52.25,179499,160360,89.34,0,,0,23.4,1089.0,,,
220,NAYAGRAM (ST),Paschim Medinipur,ST,496,243013,123635,119378,59578,78842,143064,109264,16083,25267,2842,11026,53060,24.52,32.44,58.87,44.96,37.84,175005,150294,85.88,1,BJP,0,23.4,1089.0,,,
221,GOPIBALLAVPUR,Paschim Medinipur,,498,215649,109088,106561,42779,46568,141208,98174,18969,22505,1272,10262,48321,19.84,21.59,65.48,45.52,42.25,177748,158926,89.41,1,BJP,0,23.4,1089.0,,,
222,JHARGRAM,Paschim Medinipur,,586,206554,104838,101716,46067,52624,128655,92781,14261,19351,1347,10754,45025,22.3,25.48,62.29,44.92,36.23,184398,155594,84.38,1,BJP,0,23.4,1089.0,,,
223,KESHIARY (ST),Paschim Medinipur,ST,291,240638,122067,118571,46686,61330,160124,99905,16341,21227,1292,11849,54986,19.4,25.49,66.54,41.52,37.6,182549,167467,91.74,1,BJP,0,23.4,1089.0,,,
224,KHARAGPUR SADAR,Paschim Medinipur,,0,0,0,0,0,0,0,0,0,0,0,0,0,,,,,,195162,138134,70.78,1,AITC,0,23.4,1089.0,,,
225,NARAYANGARH,Paschim Medinipur,,333,224206,113892,110314,41219,47000,154909,99128,17453,24760,1715,13115,50926,18.38,20.96,69.09,44.21,42.58,191752,177914,92.78,1,AITC,0,23.4,1089.0,,,
226,SABANG,Paschim Medinipur,,236,298346,153452,144894,33207,14552,228629,162902,28932,26303,5549,18555,69896,11.13,4.88,76.63,54.6,33.91,206439,192693,93.34,1,AITC,0,23.4,1089.0,,,
227,PINGLA,Paschim Medinipur,,350,243612,123819,119793,36700,46367,169513,110134,17562,25243,1679,16456,58207,15.06,19.03,69.58,45.21,38.87,194839,179408,92.08,1,BJP,0,23.4,1089.0,,,
228,KHARAGPUR,Paschim Medinipur,,239,197237,100014,97223,32431,41872,125363,79064,8923,22750,1350,23365,44528,16.44,21.23,63.56,40.09,40.06,166917,150153,89.96,1,AITC,0,23.4,1089.0,,,
229,DEBRA,Paschim Medinipur,,332,189565,95969,93596,23584,38879,137699,86090,15169,19204,2090,13928,43532,12.44,20.51,72.64,45.41,39.93,183967,170517,92.69,1,AITC,0,23.4,1089.0,,,
230,DASPUR,Paschim Medinipur,,131,229536,117054,112482,35907,1821,174960,88862,16808,10289,4813,32576,48835,15.64,0.79,76.22,38.71,30.49,242616,199170,82.09,1,BJP,0,23.4,1089.0,,,
231,GHATAL (SC),Paschim Medinipur,SC,122,164255,84657,79598,47800,3165,118906,65409,15767,11491,3391,14932,35080,29.1,1.93,72.39,39.82,41.67,224916,194101,86.3,1,BJP,0,23.4,1089.0,,,
232,CHANDRAKONA (SC),Paschim Medinipur,SC,180,192158,98195,93963,58837,11171,136886,75280,20936,17135,2220,10341,42183,30.62,5.81,71.24,39.18,50.57,216439,201114,92.92,1,AITC,0,23.4,1089.0,,,
233,GARBETA,Paschim Medinipur,,325,222887,113729,109158,61569,19263,143354,88235,20848,23141,954,11784,46364,27.62,8.64,64.32,39.59,49.85,176796,164787,93.21,1,AITC,0,23.4,1089.0,,,
234,SALBONI,Paschim Medinipur,,388,240278,122121,118157,43278,45824,156839,111829,21823,24096,1959,14999,49474,18.01,19.07,65.27,46.54,41.06,208500,193741,92.92,1,BJP,0,23.4,1089.0,,,
235,KESHPUR (SC),Paschim Medinipur,SC,542,339654,174038,165616,81563,22423,232770,134064,35274,28925,3624,17170,70450,24.01,6.6,68.53,39.47,47.89,194487,180478,92.8,1,BJP,0,23.4,1089.0,,,
236,MEDINIPUR,Paschim Medinipur,,262,126483,64276,62207,25962,22057,80526,54951,8365,12232,1076,9008,26778,20.53,17.44,63.67,43.45,37.48,215287,189467,88.01,1,BJP,0,23.4,1089.0,,,
237,BINPUR (ST),Paschim Medinipur,ST,593,227598,114992,112606,38517,78245,144540,105668,9353,13867,1881,12536,52234,16.92,34.38,63.51,46.43,21.97,179861,147566,82.04,1,BJP,0,23.4,1089.0,,,
238,BANDWAN (ST),Puruliya,ST,328,253524,128061,125463,17851,91760,136589,128993,21219,20914,1714,11440,51277,7.04,36.19,53.88,50.88,32.66,223789,180197,80.52,0,,0,25.4,1065.0,,,
239,BALARAMPUR,Puruliya,,143,239068,122338,116730,30784,55569,120345,102553,15259,10925,2039,20985,45021,12.88,23.24,50.34,42.9,25.53,175112,142485,81.37,1,AITC,0,25.4,1065.0,,,
240,BAGHMUNDI,Puruliya,,248,251434,128427,123007,32603,48147,129282,113249,20765,13214,3632,15878,50869,12.97,19.15,51.42,45.04,30.0,192018,156670,81.59,1,AITC,0,25.4,1065.0,,,
241,JOYPUR,Puruliya,,215,269174,137645,131529,29480,35058,123891,115375,18116,7927,18872,16611,50030,10.95,13.02,46.03,42.86,22.57,189809,149610,78.82,1,AITC,0,25.4,1065.0,,,
242,PURULIA,Puruliya,,139,176922,90180,86742,42917,12777,95738,74586,9848,6602,1302,14573,33371,24.26,7.22,54.11,42.16,22.06,193014,154810,80.21,1,AITC,0,25.4,1065.0,,,
243,MANBAZAR (ST),Puruliya,ST,258,217053,109997,107056,34857,51299,124791,107011,15843,16901,1301,11448,44994,16.06,23.63,57.49,49.3,30.6,200562,168145,83.84,1,BJP,0,25.4,1065.0,,,
244,KASHIPUR,Puruliya,,233,215618,109727,105891,58912,55063,129428,97837,13820,12040,1428,15962,43350,27.32,25.54,60.03,45.38,26.43,188342,155380,82.5,1,AITC,0,25.4,1065.0,,,
245,PARA (SC),Puruliya,SC,182,232559,119448,113111,81911,16723,134768,90520,10726,8480,1423,21516,43047,35.22,7.19,57.95,38.92,21.22,184196,146031,79.28,1,AITC,0,25.4,1065.0,,,
246,RAGHUNATHPUR (SC),Puruliya,SC,252,202377,103663,98714,63799,45440,115581,76220,8356,6869,1316,21554,39219,31.52,22.45,57.11,37.66,19.98,198409,161545,81.42,1,AITC,0,25.4,1065.0,,,
247,SALTORA (SC),Bankura,SC,216,248227,127631,120596,80880,27138,143252,96507,14467,12764,1947,25633,51224,32.58,10.93,57.71,38.88,28.22,188606,163270,86.57,1,AITC,0,22.6,1053.0,,,
248,CHHATNA,Bankura,,424,320488,163913,156575,110391,50453,189000,131396,16611,19481,2309,27853,65845,34.44,15.74,58.97,41.0,27.47,194715,154491,79.34,1,AITC,0,22.6,1053.0,,,
249,RANIBANDH (ST),Bankura,ST,327,258900,131889,127011,47628,87621,156967,114459,15384,23061,1227,16335,55727,18.4,33.84,60.63,44.21,33.59,200986,170488,84.83,1,AITC,0,22.6,1053.0,,,
250,RAIPUR (ST),Bankura,ST,288,221139,112545,108594,50852,51054,140544,97732,15043,17007,2283,11961,46829,23.0,23.09,63.55,44.19,32.79,178332,155561,87.23,1,BJP,0,22.6,1053.0,,,
251,TALDANGRA,Bankura,,300,250376,127715,122661,67641,32800,155248,105168,16680,21423,1846,14926,52665,27.02,13.1,62.01,42.0,36.23,179758,157253,87.48,1,AITC,0,22.6,1053.0,,,
252,BANKURA,Bankura,,203,184556,94070,90486,53297,14541,119466,71566,10341,11885,2413,23394,38722,28.88,7.88,64.73,38.78,31.06,215037,172324,80.14,1,AITC,0,22.6,1053.0,,,
253,BARJORA,Bankura,,169,187673,96298,91375,62450,5734,115229,74060,12772,13235,1415,16864,40486,33.28,3.06,61.4,39.46,35.12,203655,177119,86.97,1,AITC,0,22.6,1053.0,,,
254,ONDA,Bankura,,230,268718,137523,131195,77991,11597,160251,104944,20316,23253,3209,23606,56147,29.02,4.32,59.64,39.05,41.52,199552,174108,87.25,1,AITC,0,22.6,1053.0,,,
255,BISHNUPUR,Bankura,,158,160781,81894,78887,40241,21362,97861,68886,12601,17406,953,10934,34233,25.03,13.29,60.87,42.84,43.56,171567,154501,90.05,0,,0,22.6,1053.0,,,
256,KATULPUR (SC),Bankura,SC,193,235095,120004,115091,77328,11277,160488,95670,21402,22451,2303,18327,51170,32.89,4.8,68.27,40.69,45.84,190151,175981,92.55,1,AITC,0,22.6,1053.0,,,
257,INDUS (SC),Bankura,SC,205,251564,128380,123184,105579,7743,160047,104871,21030,29304,2191,17807,55196,41.97,3.08,63.62,41.69,48.0,188746,174725,92.57,1,AITC,0,22.6,1053.0,,,
258,SONAMUKHI (SC),Bankura,SC,166,192685,98738,93947,75373,9865,114938,85570,18376,28672,1522,13613,42431,39.12,5.12,59.65,44.41,54.98,180448,165161,91.53,1,BJP,0,22.6,1053.0,,,
259,KHANDAGHOSH (SC),Barddhaman,SC,137,242455,123656,118799,90732,10579,160927,100316,15071,30653,1573,20190,55461,37.42,4.36,66.37,41.38,45.58,194922,181004,92.86,1,AITC,0,22.3,977.0,,,
260,BARDHAMAN DAKSHIN,Barddhaman,,0,0,0,0,0,0,0,0,0,0,0,0,0,,,,,,215484,186856,86.71,1,BJP,0,22.3,977.0,,,
261,RAINA (SC),Barddhaman,SC,161,279028,142802,136226,91850,15689,197595,108001,19707,33199,1529,23846,62823,32.92,5.62,70.82,38.71,48.99,209734,193564,92.29,1,BJP,0,22.3,977.0,,,
262,JAMALPUR (SC),Barddhaman,SC,111,234686,118764,115922,79008,27629,159339,99875,16994,38560,2176,19528,55281,33.67,11.77,67.89,42.56,55.62,188058,173336,92.17,1,AITC,0,22.3,977.0,,,
263,MONTESWAR,Barddhaman,,156,275391,140228,135163,68701,21694,183361,106215,18099,37470,3342,20794,63213,24.95,7.88,66.58,38.57,52.32,191823,173278,90.33,1,BJP,0,22.3,977.0,,,
264,KALNA (SC),Barddhaman,SC,120,201420,102384,99036,68391,24659,138141,81018,13134,24829,2502,21285,46877,33.95,12.24,68.58,40.22,46.86,187742,170270,90.69,1,BJP,0,22.3,977.0,,,
265,MEMARI,Barddhaman,,161,301900,153986,147914,98784,34756,205355,130021,16999,40862,5347,32363,69489,32.72,11.51,68.02,43.07,44.5,203430,184799,90.84,1,BJP,0,22.3,977.0,,,
266,BARDHAMAN UTTAR (SC),Barddhaman,SC,120,262539,133018,129521,89429,19344,174456,107036,13425,28443,2108,33445,60745,34.06,7.37,66.45,40.77,39.12,211206,193172,91.46,1,BJP,0,22.3,977.0,,,
267,BHATAR,Barddhaman,,98,255390,130184,125206,80679,21439,165531,108363,18238,38732,2070,19501,58348,31.59,8.39,64.81,42.43,52.57,197674,177500,89.79,1,BJP,0,22.3,977.0,,,
268,PURBASTHALI DAKSHIN,Barddhaman,,137,250826,128354,122472,71047,18978,168081,99709,14541,26556,7684,23197,58397,28.33,7.57,67.01,39.75,41.22,191256,173072,90.49,1,AITC,0,22.3,977.0,,,
269,PURBASTHALI  UTTAR,Barddhaman,,167,382162,196673,185489,107894,16343,247533,147372,25884,48180,7890,33589,89062,28.23,4.28,64.77,38.56,50.26,189373,166817,88.09,1,AITC,0,22.3,977.0,,,
270,KATWA,Barddhaman,,96,215080,111000,104080,62721,4529,136767,77019,15305,25522,2981,19848,49607,29.16,2.11,63.59,35.81,53.01,212236,186498,87.87,1,AITC,0,22.3,977.0,,,
271,KETUGRAM,Barddhaman,,120,286293,147580,138713,89951,4898,170998,102345,20264,35004,4209,19324,65523,31.42,1.71,59.73,35.75,54.0,198029,170275,85.98,1,BJP,0,22.3,977.0,,,
272,MANGALKOT,Barddhaman,,165,343015,175615,167400,101762,12848,212619,130364,23934,44049,3318,23911,78166,29.67,3.75,61.99,38.01,52.15,202627,176096,86.91,1,AITC,0,22.3,977.0,,,
273,AUSGRAM (SC),Barddhaman,SC,130,236813,120441,116372,83433,28211,145063,103576,13943,27466,1754,16641,57495,35.23,11.91,61.26,43.74,39.98,196219,174228,88.79,1,BJP,0,22.3,977.0,,,
274,GALSI (SC),Barddhaman,SC,141,279695,143298,136397,98637,19714,181730,120604,15593,25412,1677,27032,65313,35.27,7.05,64.97,43.12,34.0,204589,182816,89.36,1,BJP,0,22.3,977.0,,,
275,PANDABESWAR,Barddhaman,,112,128634,65919,62715,32463,18339,77742,48666,5662,7840,486,14112,27619,25.24,14.26,60.44,37.83,27.74,168065,135317,80.51,1,BJP,0,22.3,977.0,,,
276,DURGAPUR PURBA,Barddhaman,,47,64012,32770,31242,22165,7129,41421,28705,3250,4413,469,6857,14267,34.63,11.14,64.71,44.84,26.7,202449,173749,85.82,1,BJP,0,22.3,977.0,,,
277,DURGAPUR PASCHIM,Barddhaman,,0,0,0,0,0,0,0,0,0,0,0,0,0,,,,,,209944,178273,84.91,1,BJP,0,22.3,977.0,,,
278,RANIGANJ,Barddhaman,,13,34685,18120,16565,13483,1833,23019,11723,720,933,293,4961,7558,38.87,5.28,66.37,33.8,14.1,197129,154453,78.35,0,,0,22.3,977.0,,,
279,JAMURIA,Barddhaman,,61,98738,51211,47527,31258,7797,60078,35131,5163,6496,924,11192,21045,31.66,7.9,60.85,35.58,33.19,175316,137161,78.24,1,AITC,0,22.3,977.0,,,
280,ASANSOL DAKSHIN,Barddhaman,,9,18805,9747,9058,7136,3282,11656,6163,285,354,67,3538,3786,37.95,17.45,61.98,32.77,10.37,204435,160879,78.69,1,AITC,0,22.3,977.0,,,
281,ASANSOL UTTAR,Barddhaman,,0,0,0,0,0,0,0,0,0,0,0,0,0,,,,,,201174,154631,76.86,1,AITC,0,22.3,977.0,,,
282,KULTI,Barddhaman,,0,0,0,0,0,0,0,0,0,0,0,0,0,,,,,,187988,138470,73.66,1,AITC,0,22.3,977.0,,,
283,BARABANI,Barddhaman,,164,240084,123561,116523,66790,32150,150395,87899,8998,10333,1526,35782,49828,27.82,13.39,62.64,36.61,21.99,185113,148680,80.32,1,AITC,0,22.3,977.0,,,
284,DUBRAJPUR (SC),Birbhum,SC,235,264882,136158,128724,89323,11841,160607,98687,17000,21587,2645,20608,58498,33.72,4.47,60.63,37.26,39.1,181999,158089,86.86,1,AITC,0,25.7,1033.0,,,
285,SURI,Birbhum,,302,294921,150784,144137,89565,32763,183786,119513,19549,27339,2719,26821,66096,30.37,11.11,62.32,40.52,39.23,199153,171300,86.01,1,AITC,0,25.7,1033.0,,,
286,BOLPUR,Birbhum,,154,236695,121553,115142,56269,22546,156775,92117,14118,21288,2011,19505,54553,23.77,9.53,66.24,38.92,38.44,201791,177149,87.79,1,AITC,0,25.7,1033.0,,,
287,NANOOR (SC),Birbhum,SC,276,455418,233228,222190,139547,28689,286990,176046,33077,54826,4274,35401,105211,30.64,6.3,63.02,38.66,49.93,218317,186633,85.49,1,AITC,0,25.7,1033.0,,,
288,LABPUR,Birbhum,,236,289519,148430,141089,95134,25255,184652,112522,18805,28502,2763,19557,66603,32.86,8.72,63.78,38.87,42.04,186922,165075,88.31,1,AITC,0,25.7,1033.0,,,
289,SAINTHIA (SC),Birbhum,SC,282,352027,180245,171782,104798,28232,229275,141449,23045,37961,3682,31079,81106,29.77,8.02,65.13,40.18,43.13,190105,165315,86.96,1,AITC,0,25.7,1033.0,,,
290,MAYURESWAR,Birbhum,,304,419340,214016,205324,125682,24364,270124,170079,29473,47786,4549,34488,97592,29.97,5.81,64.42,40.56,45.43,182588,159549,87.38,1,AITC,0,25.7,1033.0,,,
291,RAMPURHAT,Birbhum,,128,235216,120093,115123,70729,35140,144951,92433,14869,22964,1650,23321,53747,30.07,14.94,61.62,39.3,40.93,190293,164020,86.19,1,AITC,0,25.7,1033.0,,,
292,HANSAN,Birbhum,,129,239584,122825,116759,65727,6103,151413,86441,13401,30422,2673,13058,59052,27.43,2.55,63.2,36.08,50.7,181254,157128,86.69,1,AITC,0,25.7,1033.0,,,
293,NALHATI,Birbhum,,108,259387,132969,126418,74041,8312,163253,91439,15719,28173,1724,16606,60498,28.54,3.2,62.94,35.25,48.0,176584,155189,87.88,0,,0,25.7,1033.0,,,
294,MURARAI,Birbhum,,99,276932,141135,135797,60748,4753,142199,100320,11331,33290,5892,22626,62715,21.94,1.72,51.35,36.23,44.48,189414,163028,86.07,1,AITC,0,25.7,1033.0,,,
