ac_no,ac_name,district,population_2011,male_population,female_population,sex_ratio,literacy_rate_overall_pct,literacy_rate_male_pct,literacy_rate_female_pct,sc_pct,st_pct,hindu_pct,muslim_pct,christian_pct,other_religion_pct,bengali_pct,hindi_pct,santhali_pct,urdu_pct,nepali_pct,urban_pct
1,Mekliganj,Cooch Behar,2819086,,,942,75.49,,,50.17,0.64,74.05,25.54,,0.41,94.79,1.17,,,,10.27
2,Mathabhanga,Cooch Behar,2819086,,,942,75.49,,,50.17,0.64,74.05,25.54,,0.41,94.79,1.17,,,,10.27
3,Cooch Behar Uttar,Cooch Behar,2819086,,,942,75.49,,,50.17,0.64,74.05,25.54,,0.41,94.79,1.17,,,,10.27
4,Cooch Behar Dakshin,Cooch Behar,2819086,,,942,75.49,,,50.17,0.64,74.05,25.54,,0.41,94.79,1.17,,,,10.27
5,Sitalkuchi,Cooch Behar,2819086,,,942,75.49,,,50.17,0.64,74.05,25.54,,0.41,94.79,1.17,,,,10.27
6,Sitai,Cooch Behar,2819086,,,942,75.49,,,50.17,0.64,74.05,25.54,,0.41,94.79,1.17,,,,10.27
7,Dinhata,Cooch Behar,2819086,,,942,75.49,,,50.17,0.64,74.05,25.54,,0.41,94.79,1.17,,,,10.27
8,Natabari,Cooch Behar,2819086,,,942,75.49,,,50.17,0.64,74.05,25.54,,0.41,94.79,1.17,,,,10.27
9,Tufanganj,Cooch Behar,2819086,,,942,75.49,,,50.17,0.64,74.05,25.54,,0.41,94.79,1.17,,,,10.27
10,Kumargram,Alipurduar,1491250,,,949,78.57,,,30.62,25.62,80.07,8.74,7.52,3.68,53.93,3.67,1.32,,9.70,20.61
11,Kalchini,Alipurduar,1491250,,,949,78.57,,,30.62,25.62,80.07,8.74,7.52,3.68,53.93,3.67,1.32,,9.70,20.61
12,Alipurduars,Alipurduar,1491250,,,949,78.57,,,30.62,25.62,80.07,8.74,7.52,3.68,53.93,3.67,1.32,,9.70,20.61
13,Falakata,Alipurduar,1491250,,,949,78.57,,,30.62,25.62,80.07,8.74,7.52,3.68,53.93,3.67,1.32,,9.70,20.61
14,Madarihat,Alipurduar,1491250,,,949,78.57,,,30.62,25.62,80.07,8.74,7.52,3.68,53.93,3.67,1.32,,9.70,20.61
15,Dhupguri,Jalpaiguri,2381596,,,956,84.79,,,42.05,14.68,82.41,13.25,3.12,1.22,65.60,4.69,,,4.90,31.62
16,Maynaguri,Jalpaiguri,2381596,,,956,84.79,,,42.05,14.68,82.41,13.25,3.12,1.22,65.60,4.69,,,4.90,31.62
17,Jalpaiguri,Jalpaiguri,2381596,,,956,84.79,,,42.05,14.68,82.41,13.25,3.12,1.22,65.60,4.69,,,4.90,31.62
18,Rajganj,Jalpaiguri,2381596,,,956,84.79,,,42.05,14.68,82.41,13.25,3.12,1.22,65.60,4.69,,,4.90,31.62
19,Dabgram-Phulbari,Jalpaiguri,2381596,,,956,84.79,,,42.05,14.68,82.41,13.25,3.12,1.22,65.60,4.69,,,4.90,31.62
20,Mal,Jalpaiguri,2381596,,,956,84.79,,,42.05,14.68,82.41,13.25,3.12,1.22,65.60,4.69,,,4.90,31.62
21,Nagrakata,Jalpaiguri,2381596,,,956,84.79,,,42.05,14.68,82.41,13.25,3.12,1.22,65.60,4.69,,,4.90,31.62
22,Kalimpong,Kalimpong,251642,,,949,78.57,,,6.53,29.79,60.94,1.59,14.88,22.23,,3.18,,,87.61,22.33
23,Darjeeling,Darjeeling,1846823,,,970,79.56,,,18.86,20.21,76.06,6.34,6.54,10.59,26.51,10.95,1.15,,39.88,42.11
24,Kurseong,Darjeeling,1846823,,,970,79.56,,,18.86,20.21,76.06,6.34,6.54,10.59,26.51,10.95,1.15,,39.88,42.11
25,Matigara-Naxalbari,Darjeeling,1846823,,,970,79.56,,,18.86,20.21,76.06,6.34,6.54,10.59,26.51,10.95,1.15,,39.88,42.11
26,Siliguri,Darjeeling,1846823,,,970,79.56,,,18.86,20.21,76.06,6.34,6.54,10.59,26.51,10.95,1.15,,39.88,42.11
27,Phansidewa,Darjeeling,1846823,,,970,79.56,,,18.86,20.21,76.06,6.34,6.54,10.59,26.51,10.95,1.15,,39.88,42.11
28,Chopra,Uttar Dinajpur,3007134,,,936,59.10,,,26.87,5.41,49.31,49.92,0.56,0.21,68.06,3.76,3.77,9.48,,12.05
29,Islampur,Uttar Dinajpur,3007134,,,936,59.10,,,26.87,5.41,49.31,49.92,0.56,0.21,68.06,3.76,3.77,9.48,,12.05
30,Goalpokhar,Uttar Dinajpur,3007134,,,936,59.10,,,26.87,5.41,49.31,49.92,0.56,0.21,68.06,3.76,3.77,9.48,,12.05
31,Chakulia,Uttar Dinajpur,3007134,,,936,59.10,,,26.87,5.41,49.31,49.92,0.56,0.21,68.06,3.76,3.77,9.48,,12.05
32,Karandighi,Uttar Dinajpur,3007134,,,936,59.10,,,26.87,5.41,49.31,49.92,0.56,0.21,68.06,3.76,3.77,9.48,,12.05
33,Hemtabad,Uttar Dinajpur,3007134,,,936,59.10,,,26.87,5.41,49.31,49.92,0.56,0.21,68.06,3.76,3.77,9.48,,12.05
34,Kaliaganj,Uttar Dinajpur,3007134,,,936,59.10,,,26.87,5.41,49.31,49.92,0.56,0.21,68.06,3.76,3.77,9.48,,12.05
35,Raiganj,Uttar Dinajpur,3007134,,,936,59.10,,,26.87,5.41,49.31,49.92,0.56,0.21,68.06,3.76,3.77,9.48,,12.05
36,Itahar,Dakshin Dinajpur,1676276,,,954,73.86,,,28.80,16.43,73.55,24.63,1.48,0.34,84.41,1.05,9.68,,,14.10
37,Kushmandi,Dakshin Dinajpur,1676276,,,954,73.86,,,28.80,16.43,73.55,24.63,1.48,0.34,84.41,1.05,9.68,,,14.10
38,Kumarganj,Dakshin Dinajpur,1676276,,,954,73.86,,,28.80,16.43,73.55,24.63,1.48,0.34,84.41,1.05,9.68,,,14.10
39,Balurghat,Dakshin Dinajpur,1676276,,,954,73.86,,,28.80,16.43,73.55,24.63,1.48,0.34,84.41,1.05,9.68,,,14.10
40,Tapan,Dakshin Dinajpur,1676276,,,954,73.86,,,28.80,16.43,73.55,24.63,1.48,0.34,84.41,1.05,9.68,,,14.10
41,Gangarampur,Dakshin Dinajpur,1676276,,,954,73.86,,,28.80,16.43,73.55,24.63,1.48,0.34,84.41,1.05,9.68,,,14.10
42,Harirampur,Dakshin Dinajpur,1676276,,,954,73.86,,,28.80,16.43,73.55,24.63,1.48,0.34,84.41,1.05,9.68,,,14.10
43,Habibpur,Malda,3988845,,,939,62.71,,,20.94,7.87,47.99,51.27,,0.74,91.00,1.06,4.18,,,13.58
44,Gazole,Malda,3988845,,,939,62.71,,,20.94,7.87,47.99,51.27,,0.74,91.00,1.06,4.18,,,13.58
45,Chanchal,Malda,3988845,,,939,62.71,,,20.94,7.87,47.99,51.27,,0.74,91.00,1.06,4.18,,,13.58
46,Harishchandrapur,Malda,3988845,,,939,62.71,,,20.94,7.87,47.99,51.27,,0.74,91.00,1.06,4.18,,,13.58
47,Malatipur,Malda,3988845,,,939,62.71,,,20.94,7.87,47.99,51.27,,0.74,91.00,1.06,4.18,,,13.58
48,Ratua,Malda,3988845,,,939,62.71,,,20.94,7.87,47.99,51.27,,0.74,91.00,1.06,4.18,,,13.58
49,Manikchak,Malda,3988845,,,939,62.71,,,20.94,7.87,47.99,51.27,,0.74,91.00,1.06,4.18,,,13.58
50,Maldaha,Malda,3988845,,,939,62.71,,,20.94,7.87,47.99,51.27,,0.74,91.00,1.06,4.18,,,13.58
51,English Bazar,Malda,3988845,,,939,62.71,,,20.94,7.87,47.99,51.27,,0.74,91.00,1.06,4.18,,,13.58
52,Mothabari,Malda,3988845,,,939,62.71,,,20.94,7.87,47.99,51.27,,0.74,91.00,1.06,4.18,,,13.58
53,Sujapur,Malda,3988845,,,939,62.71,,,20.94,7.87,47.99,51.27,,0.74,91.00,1.06,4.18,,,13.58
54,Baisnabnagar,Malda,3988845,,,939,62.71,,,20.94,7.87,47.99,51.27,,0.74,91.00,1.06,4.18,,,13.58
55,Farakka,Murshidabad,7103807,,,957,67.53,,,12.63,1.28,33.21,66.27,,0.52,98.49,,,,,19.72
56,Samserganj,Murshidabad,7103807,,,957,67.53,,,12.63,1.28,33.21,66.27,,0.52,98.49,,,,,19.72
57,Suti,Murshidabad,7103807,,,957,67.53,,,12.63,1.28,33.21,66.27,,0.52,98.49,,,,,19.72
58,Jangipur,Murshidabad,7103807,,,957,67.53,,,12.63,1.28,33.21,66.27,,0.52,98.49,,,,,19.72
59,Raghunathganj,Murshidabad,7103807,,,957,67.53,,,12.63,1.28,33.21,66.27,,0.52,98.49,,,,,19.72
60,Sagardighi,Murshidabad,7103807,,,957,67.53,,,12.63,1.28,33.21,66.27,,0.52,98.49,,,,,19.72
61,Lalgola,Murshidabad,7103807,,,957,67.53,,,12.63,1.28,33.21,66.27,,0.52,98.49,,,,,19.72
62,Bhagabangola,Murshidabad,7103807,,,957,67.53,,,12.63,1.28,33.21,66.27,,0.52,98.49,,,,,19.72
63,Raninagar,Murshidabad,7103807,,,957,67.53,,,12.63,1.28,33.21,66.27,,0.52,98.49,,,,,19.72
64,Murshidabad,Murshidabad,7103807,,,957,67.53,,,12.63,1.28,33.21,66.27,,0.52,98.49,,,,,19.72
65,Nabagram,Murshidabad,7103807,,,957,67.53,,,12.63,1.28,33.21,66.27,,0.52,98.49,,,,,19.72
66,Khargram,Murshidabad,7103807,,,957,67.53,,,12.63,1.28,33.21,66.27,,0.52,98.49,,,,,19.72
67,Burwan,Murshidabad,7103807,,,957,67.53,,,12.63,1.28,33.21,66.27,,0.52,98.49,,,,,19.72
68,Kandi,Murshidabad,7103807,,,957,67.53,,,12.63,1.28,33.21,66.27,,0.52,98.49,,,,,19.72
69,Bharatpur,Murshidabad,7103807,,,957,67.53,,,12.63,1.28,33.21,66.27,,0.52,98.49,,,,,19.72
70,Rejinagar,Murshidabad,7103807,,,957,67.53,,,12.63,1.28,33.21,66.27,,0.52,98.49,,,,,19.72
71,Beldanga,Murshidabad,7103807,,,957,67.53,,,12.63,1.28,33.21,66.27,,0.52,98.49,,,,,19.72
72,Baharampur,Murshidabad,7103807,,,957,67.53,,,12.63,1.28,33.21,66.27,,0.52,98.49,,,,,19.72
73,Hariharpara,Murshidabad,7103807,,,957,67.53,,,12.63,1.28,33.21,66.27,,0.52,98.49,,,,,19.72
74,Naoda,Murshidabad,7103807,,,957,67.53,,,12.63,1.28,33.21,66.27,,0.52,98.49,,,,,19.72
75,Domkal,Murshidabad,7103807,,,957,67.53,,,12.63,1.28,33.21,66.27,,0.52,98.49,,,,,19.72
76,Jalangi,Murshidabad,7103807,,,957,67.53,,,12.63,1.28,33.21,66.27,,0.52,98.49,,,,,19.72
77,Karimpur,Nadia,5167600,,,947,75.58,,,29.93,2.72,72.15,26.76,0.65,,98.02,,,,,27.84
78,Tehatta,Nadia,5167600,,,947,75.58,,,29.93,2.72,72.15,26.76,0.65,,98.02,,,,,27.84
79,Palashipara,Nadia,5167600,,,947,75.58,,,29.93,2.72,72.15,26.76,0.65,,98.02,,,,,27.84
80,Kaliganj,Nadia,5167600,,,947,75.58,,,29.93,2.72,72.15,26.76,0.65,,98.02,,,,,27.84
81,Nakashipara,Nadia,5167600,,,947,75.58,,,29.93,2.72,72.15,26.76,0.65,,98.02,,,,,27.84
82,Chapra,Nadia,5167600,,,947,75.58,,,29.93,2.72,72.15,26.76,0.65,,98.02,,,,,27.84
83,Krishnanagar Uttar,Nadia,5167600,,,947,75.58,,,29.93,2.72,72.15,26.76,0.65,,98.02,,,,,27.84
84,Nabadwip,Nadia,5167600,,,947,75.58,,,29.93,2.72,72.15,26.76,0.65,,98.02,,,,,27.84
85,Krishnanagar Dakshin,Nadia,5167600,,,947,75.58,,,29.93,2.72,72.15,26.76,0.65,,98.02,,,,,27.84
86,Santipur,Nadia,5167600,,,947,75.58,,,29.93,2.72,72.15,26.76,0.65,,98.02,,,,,27.84
87,Ranaghat Uttar Paschim,Nadia,5167600,,,947,75.58,,,29.93,2.72,72.15,26.76,0.65,,98.02,,,,,27.84
88,Krishnaganj,Nadia,5167600,,,947,75.58,,,29.93,2.72,72.15,26.76,0.65,,98.02,,,,,27.84
89,Ranaghat Uttar Purba,Nadia,5167600,,,947,75.58,,,29.93,2.72,72.15,26.76,0.65,,98.02,,,,,27.84
90,Ranaghat Dakshin,Nadia,5167600,,,947,75.58,,,29.93,2.72,72.15,26.76,0.65,,98.02,,,,,27.84
91,Chakdaha,Nadia,5167600,,,947,75.58,,,29.93,2.72,72.15,26.76,0.65,,98.02,,,,,27.84
92,Kalyani,North 24 Parganas,10009781,,,949,84.95,,,21.67,2.64,73.46,25.82,,0.72,88.91,7.69,,2.28,,57.28
93,Haringhata,North 24 Parganas,10009781,,,949,84.95,,,21.67,2.64,73.46,25.82,,0.72,88.91,7.69,,2.28,,57.28
94,Bagda,North 24 Parganas,10009781,,,949,84.95,,,21.67,2.64,73.46,25.82,,0.72,88.91,7.69,,2.28,,57.28
95,Bangaon Uttar,North 24 Parganas,10009781,,,949,84.95,,,21.67,2.64,73.46,25.82,,0.72,88.91,7.69,,2.28,,57.28
96,Bangaon Dakshin,North 24 Parganas,10009781,,,949,84.95,,,21.67,2.64,73.46,25.82,,0.72,88.91,7.69,,2.28,,57.28
97,Gaighata,North 24 Parganas,10009781,,,949,84.95,,,21.67,2.64,73.46,25.82,,0.72,88.91,7.69,,2.28,,57.28
98,Swarupnagar,North 24 Parganas,10009781,,,949,84.95,,,21.67,2.64,73.46,25.82,,0.72,88.91,7.69,,2.28,,57.28
99,Baduria,North 24 Parganas,10009781,,,949,84.95,,,21.67,2.64,73.46,25.82,,0.72,88.91,7.69,,2.28,,57.28
100,Habra,North 24 Parganas,10009781,,,949,84.95,,,21.67,2.64,73.46,25.82,,0.72,88.91,7.69,,2.28,,57.28
101,Ashoknagar,North 24 Parganas,10009781,,,949,84.95,,,21.67,2.64,73.46,25.82,,0.72,88.91,7.69,,2.28,,57.28
102,Amdanga,North 24 Parganas,10009781,,,949,84.95,,,21.67,2.64,73.46,25.82,,0.72,88.91,7.69,,2.28,,57.28
103,Bijpur,North 24 Parganas,10009781,,,949,84.95,,,21.67,2.64,73.46,25.82,,0.72,88.91,7.69,,2.28,,57.28
104,Naihati,North 24 Parganas,10009781,,,949,84.95,,,21.67,2.64,73.46,25.82,,0.72,88.91,7.69,,2.28,,57.28
105,Bhatpara,North 24 Parganas,10009781,,,949,84.95,,,21.67,2.64,73.46,25.82,,0.72,88.91,7.69,,2.28,,57.28
106,Jagatdal,North 24 Parganas,10009781,,,949,84.95,,,21.67,2.64,73.46,25.82,,0.72,88.91,7.69,,2.28,,57.28
107,Noapara,North 24 Parganas,10009781,,,949,84.95,,,21.67,2.64,73.46,25.82,,0.72,88.91,7.69,,2.28,,57.28
108,Barrackpur,North 24 Parganas,10009781,,,949,84.95,,,21.67,2.64,73.46,25.82,,0.72,88.91,7.69,,2.28,,57.28
109,Khardaha,North 24 Parganas,10009781,,,949,84.95,,,21.67,2.64,73.46,25.82,,0.72,88.91,7.69,,2.28,,57.28
110,Dum Dum Uttar,North 24 Parganas,10009781,,,949,84.95,,,21.67,2.64,73.46,25.82,,0.72,88.91,7.69,,2.28,,57.28
111,Panihati,North 24 Parganas,10009781,,,949,84.95,,,21.67,2.64,73.46,25.82,,0.72,88.91,7.69,,2.28,,57.28
112,Kamarhati,North 24 Parganas,10009781,,,949,84.95,,,21.67,2.64,73.46,25.82,,0.72,88.91,7.69,,2.28,,57.28
113,Baranagar,North 24 Parganas,10009781,,,949,84.95,,,21.67,2.64,73.46,25.82,,0.72,88.91,7.69,,2.28,,57.28
114,Dum Dum,North 24 Parganas,10009781,,,949,84.95,,,21.67,2.64,73.46,25.82,,0.72,88.91,7.69,,2.28,,57.28
115,Rajarhat New Town,North 24 Parganas,10009781,,,949,84.95,,,21.67,2.64,73.46,25.82,,0.72,88.91,7.69,,2.28,,57.28
116,Bidhannagar,North 24 Parganas,10009781,,,949,84.95,,,21.67,2.64,73.46,25.82,,0.72,88.91,7.69,,2.28,,57.28
117,Rajarhat Gopalpur,North 24 Parganas,10009781,,,949,84.95,,,21.67,2.64,73.46,25.82,,0.72,88.91,7.69,,2.28,,57.28
118,Madhyamgram,North 24 Parganas,10009781,,,949,84.95,,,21.67,2.64,73.46,25.82,,0.72,88.91,7.69,,2.28,,57.28
119,Barasat,North 24 Parganas,10009781,,,949,84.95,,,21.67,2.64,73.46,25.82,,0.72,88.91,7.69,,2.28,,57.28
120,Deganga,North 24 Parganas,10009781,,,949,84.95,,,21.67,2.64,73.46,25.82,,0.72,88.91,7.69,,2.28,,57.28
121,Haroa,North 24 Parganas,10009781,,,949,84.95,,,21.67,2.64,73.46,25.82,,0.72,88.91,7.69,,2.28,,57.28
122,Minakhan,North 24 Parganas,10009781,,,949,84.95,,,21.67,2.64,73.46,25.82,,0.72,88.91,7.69,,2.28,,57.28
123,Sandeshkhali,North 24 Parganas,10009781,,,949,84.95,,,21.67,2.64,73.46,25.82,,0.72,88.91,7.69,,2.28,,57.28
124,Basirhat Dakshin,North 24 Parganas,10009781,,,949,84.95,,,21.67,2.64,73.46,25.82,,0.72,88.91,7.69,,2.28,,57.28
125,Basirhat Uttar,North 24 Parganas,10009781,,,949,84.95,,,21.67,2.64,73.46,25.82,,0.72,88.91,7.69,,2.28,,57.28
126,Hingalganj,North 24 Parganas,10009781,,,949,84.95,,,21.67,2.64,73.46,25.82,,0.72,88.91,7.69,,2.28,,57.28
127,Gosaba,South 24 Parganas,8161961,,,956,77.51,,,30.19,1.19,63.17,35.57,0.81,0.45,97.82,1.68,,0.38,,25.58
128,Basanti,South 24 Parganas,8161961,,,956,77.51,,,30.19,1.19,63.17,35.57,0.81,0.45,97.82,1.68,,0.38,,25.58
129,Kultali,South 24 Parganas,8161961,,,956,77.51,,,30.19,1.19,63.17,35.57,0.81,0.45,97.82,1.68,,0.38,,25.58
130,Patharpratima,South 24 Parganas,8161961,,,956,77.51,,,30.19,1.19,63.17,35.57,0.81,0.45,97.82,1.68,,0.38,,25.58
131,Kakdwip,South 24 Parganas,8161961,,,956,77.51,,,30.19,1.19,63.17,35.57,0.81,0.45,97.82,1.68,,0.38,,25.58
132,Sagar,South 24 Parganas,8161961,,,956,77.51,,,30.19,1.19,63.17,35.57,0.81,0.45,97.82,1.68,,0.38,,25.58
133,Kulpi,South 24 Parganas,8161961,,,956,77.51,,,30.19,1.19,63.17,35.57,0.81,0.45,97.82,1.68,,0.38,,25.58
134,Raidighi,South 24 Parganas,8161961,,,956,77.51,,,30.19,1.19,63.17,35.57,0.81,0.45,97.82,1.68,,0.38,,25.58
135,Mandirbazar,South 24 Parganas,8161961,,,956,77.51,,,30.19,1.19,63.17,35.57,0.81,0.45,97.82,1.68,,0.38,,25.58
136,Jaynagar,South 24 Parganas,8161961,,,956,77.51,,,30.19,1.19,63.17,35.57,0.81,0.45,97.82,1.68,,0.38,,25.58
137,Baruipur Purba,South 24 Parganas,8161961,,,956,77.51,,,30.19,1.19,63.17,35.57,0.81,0.45,97.82,1.68,,0.38,,25.58
138,Canning Paschim,South 24 Parganas,8161961,,,956,77.51,,,30.19,1.19,63.17,35.57,0.81,0.45,97.82,1.68,,0.38,,25.58
139,Canning Purba,South 24 Parganas,8161961,,,956,77.51,,,30.19,1.19,63.17,35.57,0.81,0.45,97.82,1.68,,0.38,,25.58
140,Baruipur Paschim,South 24 Parganas,8161961,,,956,77.51,,,30.19,1.19,63.17,35.57,0.81,0.45,97.82,1.68,,0.38,,25.58
141,Magrahat Purba,South 24 Parganas,8161961,,,956,77.51,,,30.19,1.19,63.17,35.57,0.81,0.45,97.82,1.68,,0.38,,25.58
142,Magrahat Paschim,South 24 Parganas,8161961,,,956,77.51,,,30.19,1.19,63.17,35.57,0.81,0.45,97.82,1.68,,0.38,,25.58
143,Diamond Harbour,South 24 Parganas,8161961,,,956,77.51,,,30.19,1.19,63.17,35.57,0.81,0.45,97.82,1.68,,0.38,,25.58
144,Falta,South 24 Parganas,8161961,,,956,77.51,,,30.19,1.19,63.17,35.57,0.81,0.45,97.82,1.68,,0.38,,25.58
145,Satgachhia,South 24 Parganas,8161961,,,956,77.51,,,30.19,1.19,63.17,35.57,0.81,0.45,97.82,1.68,,0.38,,25.58
146,Bishnupur,South 24 Parganas,8161961,,,956,77.51,,,30.19,1.19,63.17,35.57,0.81,0.45,97.82,1.68,,0.38,,25.58
147,Sonarpur Dakshin,South 24 Parganas,8161961,,,956,77.51,,,30.19,1.19,63.17,35.57,0.81,0.45,97.82,1.68,,0.38,,25.58
148,Bhangar,South 24 Parganas,8161961,,,956,77.51,,,30.19,1.19,63.17,35.57,0.81,0.45,97.82,1.68,,0.38,,25.58
149,Kasba,Kolkata,4496694,,,899,87.14,,,,,76.51,20.60,0.88,2.01,61.50,22.80,,13.00,0.18,
150,Jadavpur,Kolkata,4496694,,,899,87.14,,,,,76.51,20.60,0.88,2.01,61.50,22.80,,13.00,0.18,
151,Sonarpur Uttar,Kolkata,4496694,,,899,87.14,,,,,76.51,20.60,0.88,2.01,61.50,22.80,,13.00,0.18,
152,Tollyganj,Kolkata,4496694,,,899,87.14,,,,,76.51,20.60,0.88,2.01,61.50,22.80,,13.00,0.18,
153,Behala Purba,Kolkata,4496694,,,899,87.14,,,,,76.51,20.60,0.88,2.01,61.50,22.80,,13.00,0.18,
154,Behala Paschim,Kolkata,4496694,,,899,87.14,,,,,76.51,20.60,0.88,2.01,61.50,22.80,,13.00,0.18,
155,Maheshtala,Kolkata,4496694,,,899,87.14,,,,,76.51,20.60,0.88,2.01,61.50,22.80,,13.00,0.18,
156,Budge Budge,Kolkata,4496694,,,899,87.14,,,,,76.51,20.60,0.88,2.01,61.50,22.80,,13.00,0.18,
157,Metiaburuz,Kolkata,4496694,,,899,87.14,,,,,76.51,20.60,0.88,2.01,61.50,22.80,,13.00,0.18,
158,Kolkata Port,Kolkata,4496694,,,899,87.14,,,,,76.51,20.60,0.88,2.01,61.50,22.80,,13.00,0.18,
159,Bhabanipur,Kolkata,4496694,,,899,87.14,,,,,76.51,20.60,0.88,2.01,61.50,22.80,,13.00,0.18,
160,Rashbehari,Kolkata,4496694,,,899,87.14,,,,,76.51,20.60,0.88,2.01,61.50,22.80,,13.00,0.18,
161,Ballygunge,Kolkata,4496694,,,899,87.14,,,,,76.51,20.60,0.88,2.01,61.50,22.80,,13.00,0.18,
162,Chowrangee,Kolkata,4496694,,,899,87.14,,,,,76.51,20.60,0.88,2.01,61.50,22.80,,13.00,0.18,
163,Entally,Kolkata,4496694,,,899,87.14,,,,,76.51,20.60,0.88,2.01,61.50,22.80,,13.00,0.18,
164,Beleghata,Kolkata,4496694,,,899,87.14,,,,,76.51,20.60,0.88,2.01,61.50,22.80,,13.00,0.18,
165,Jorasanko,Kolkata,4496694,,,899,87.14,,,,,76.51,20.60,0.88,2.01,61.50,22.80,,13.00,0.18,
166,Shyampukur,Kolkata,4496694,,,899,87.14,,,,,76.51,20.60,0.88,2.01,61.50,22.80,,13.00,0.18,
167,Maniktala,Kolkata,4496694,,,899,87.14,,,,,76.51,20.60,0.88,2.01,61.50,22.80,,13.00,0.18,
168,Kashipur-Belgachhia,Kolkata,4496694,,,899,87.14,,,,,76.51,20.60,0.88,2.01,61.50,22.80,,13.00,0.18,
169,Bally,Howrah,4850029,,,935,83.85,,,14.82,0.31,72.90,26.20,,0.90,85.00,10.90,,2.86,,63.38
170,Howrah Uttar,Howrah,4850029,,,935,83.85,,,14.82,0.31,72.90,26.20,,0.90,85.00,10.90,,2.86,,63.38
171,Howrah Madhya,Howrah,4850029,,,935,83.85,,,14.82,0.31,72.90,26.20,,0.90,85.00,10.90,,2.86,,63.38
172,Shibpur,Howrah,4850029,,,935,83.85,,,14.82,0.31,72.90,26.20,,0.90,85.00,10.90,,2.86,,63.38
173,Howrah Dakshin,Howrah,4850029,,,935,83.85,,,14.82,0.31,72.90,26.20,,0.90,85.00,10.90,,2.86,,63.38
174,Sankrail,Howrah,4850029,,,935,83.85,,,14.82,0.31,72.90,26.20,,0.90,85.00,10.90,,2.86,,63.38
175,Panchla,Howrah,4850029,,,935,83.85,,,14.82,0.31,72.90,26.20,,0.90,85.00,10.90,,2.86,,63.38
176,Uluberia Purba,Howrah,4850029,,,935,83.85,,,14.82,0.31,72.90,26.20,,0.90,85.00,10.90,,2.86,,63.38
177,Uluberia Uttar,Howrah,4850029,,,935,83.85,,,14.82,0.31,72.90,26.20,,0.90,85.00,10.90,,2.86,,63.38
178,Uluberia Dakshin,Howrah,4850029,,,935,83.85,,,14.82,0.31,72.90,26.20,,0.90,85.00,10.90,,2.86,,63.38
179,Shyampur,Howrah,4850029,,,935,83.85,,,14.82,0.31,72.90,26.20,,0.90,85.00,10.90,,2.86,,63.38
180,Bagnan,Howrah,4850029,,,935,83.85,,,14.82,0.31,72.90,26.20,,0.90,85.00,10.90,,2.86,,63.38
181,Amta,Howrah,4850029,,,935,83.85,,,14.82,0.31,72.90,26.20,,0.90,85.00,10.90,,2.86,,63.38
182,Udaynarayanpur,Howrah,4850029,,,935,83.85,,,14.82,0.31,72.90,26.20,,0.90,85.00,10.90,,2.86,,63.38
183,Jagatballavpur,Howrah,4850029,,,935,83.85,,,14.82,0.31,72.90,26.20,,0.90,85.00,10.90,,2.86,,63.38
184,Domjur,Howrah,4850029,,,935,83.85,,,14.82,0.31,72.90,26.20,,0.90,85.00,10.90,,2.86,,63.38
185,Uttarpara,Hooghly,5519145,,,958,82.55,,,24.35,4.15,82.89,15.77,,0.45,87.49,7.59,2.37,1.72,,38.57
186,Sreerampur,Hooghly,5519145,,,958,82.55,,,24.35,4.15,82.89,15.77,,0.45,87.49,7.59,2.37,1.72,,38.57
187,Champdani,Hooghly,5519145,,,958,82.55,,,24.35,4.15,82.89,15.77,,0.45,87.49,7.59,2.37,1.72,,38.57
188,Singur,Hooghly,5519145,,,958,82.55,,,24.35,4.15,82.89,15.77,,0.45,87.49,7.59,2.37,1.72,,38.57
189,Chandannagar,Hooghly,5519145,,,958,82.55,,,24.35,4.15,82.89,15.77,,0.45,87.49,7.59,2.37,1.72,,38.57
190,Chunchura,Hooghly,5519145,,,958,82.55,,,24.35,4.15,82.89,15.77,,0.45,87.49,7.59,2.37,1.72,,38.57
191,Balagarh,Hooghly,5519145,,,958,82.55,,,24.35,4.15,82.89,15.77,,0.45,87.49,7.59,2.37,1.72,,38.57
192,Pandua,Hooghly,5519145,,,958,82.55,,,24.35,4.15,82.89,15.77,,0.45,87.49,7.59,2.37,1.72,,38.57
193,Saptagram,Hooghly,5519145,,,958,82.55,,,24.35,4.15,82.89,15.77,,0.45,87.49,7.59,2.37,1.72,,38.57
194,Chanditala,Hooghly,5519145,,,958,82.55,,,24.35,4.15,82.89,15.77,,0.45,87.49,7.59,2.37,1.72,,38.57
195,Jangipara,Hooghly,5519145,,,958,82.55,,,24.35,4.15,82.89,15.77,,0.45,87.49,7.59,2.37,1.72,,38.57
196,Haripal,Hooghly,5519145,,,958,82.55,,,24.35,4.15,82.89,15.77,,0.45,87.49,7.59,2.37,1.72,,38.57
197,Dhanekhali,Hooghly,5519145,,,958,82.55,,,24.35,4.15,82.89,15.77,,0.45,87.49,7.59,2.37,1.72,,38.57
198,Tarakeswar,Hooghly,5519145,,,958,82.55,,,24.35,4.15,82.89,15.77,,0.45,87.49,7.59,2.37,1.72,,38.57
199,Pursurah,Hooghly,5519145,,,958,82.55,,,24.35,4.15,82.89,15.77,,0.45,87.49,7.59,2.37,1.72,,38.57
200,Arambag,Hooghly,5519145,,,958,82.55,,,24.35,4.15,82.89,15.77,,0.45,87.49,7.59,2.37,1.72,,38.57
201,Goghat,Hooghly,5519145,,,958,82.55,,,24.35,4.15,82.89,15.77,,0.45,87.49,7.59,2.37,1.72,,38.57
202,Khanakul,Hooghly,5519145,,,958,82.55,,,24.35,4.15,82.89,15.77,,0.45,87.49,7.59,2.37,1.72,,38.57
203,Tamluk,Purba Medinipur,5095875,,,936,88.60,,,14.63,0.55,85.24,14.59,,0.17,98.31,,,,,11.63
204,Panskura Purba,Purba Medinipur,5095875,,,936,88.60,,,14.63,0.55,85.24,14.59,,0.17,98.31,,,,,11.63
205,Panskura Paschim,Purba Medinipur,5095875,,,936,88.60,,,14.63,0.55,85.24,14.59,,0.17,98.31,,,,,11.63
206,Moyna,Purba Medinipur,5095875,,,936,88.60,,,14.63,0.55,85.24,14.59,,0.17,98.31,,,,,11.63
207,Nandakumar,Purba Medinipur,5095875,,,936,88.60,,,14.63,0.55,85.24,14.59,,0.17,98.31,,,,,11.63
208,Mahisadal,Purba Medinipur,5095875,,,936,88.60,,,14.63,0.55,85.24,14.59,,0.17,98.31,,,,,11.63
209,Haldia,Purba Medinipur,5095875,,,936,88.60,,,14.63,0.55,85.24,14.59,,0.17,98.31,,,,,11.63
210,Nandigram,Purba Medinipur,5095875,,,936,88.60,,,14.63,0.55,85.24,14.59,,0.17,98.31,,,,,11.63
211,Chandipur,Purba Medinipur,5095875,,,936,88.60,,,14.63,0.55,85.24,14.59,,0.17,98.31,,,,,11.63
212,Patashpur,Purba Medinipur,5095875,,,936,88.60,,,14.63,0.55,85.24,14.59,,0.17,98.31,,,,,11.63
213,Kanthi Uttar,Purba Medinipur,5095875,,,936,88.60,,,14.63,0.55,85.24,14.59,,0.17,98.31,,,,,11.63
214,Bhagabanpur,Purba Medinipur,5095875,,,936,88.60,,,14.63,0.55,85.24,14.59,,0.17,98.31,,,,,11.63
215,Khejuri,Purba Medinipur,5095875,,,936,88.60,,,14.63,0.55,85.24,14.59,,0.17,98.31,,,,,11.63
216,Kanthi Dakshin,Purba Medinipur,5095875,,,936,88.60,,,14.63,0.55,85.24,14.59,,0.17,98.31,,,,,11.63
217,Ramnagar,Purba Medinipur,5095875,,,936,88.60,,,14.63,0.55,85.24,14.59,,0.17,98.31,,,,,11.63
218,Egra,Purba Medinipur,5095875,,,936,88.60,,,14.63,0.55,85.24,14.59,,0.17,98.31,,,,,11.63
219,Dantan,Paschim Medinipur,5913457,,,960,79.04,,,19.08,14.88,85.26,12.41,,1.52,87.15,2.49,6.29,,,11.90
220,Nayagram,Jhargram,1136548,,,977,89.20,,,20.11,29.37,86.60,2.46,0.45,0.66,78.23,,18.68,,,5.93
221,Gopiballavpur,Jhargram,1136548,,,977,89.20,,,20.11,29.37,86.60,2.46,0.45,0.66,78.23,,18.68,,,5.93
222,Jhargram,Jhargram,1136548,,,977,89.20,,,20.11,29.37,86.60,2.46,0.45,0.66,78.23,,18.68,,,5.93
223,Keshiary,Paschim Medinipur,5913457,,,960,79.04,,,19.08,14.88,85.26,12.41,,1.52,87.15,2.49,6.29,,,11.90
224,Kharagpur Sadar,Paschim Medinipur,5913457,,,960,79.04,,,19.08,14.88,85.26,12.41,,1.52,87.15,2.49,6.29,,,11.90
225,Narayangarh,Paschim Medinipur,5913457,,,960,79.04,,,19.08,14.88,85.26,12.41,,1.52,87.15,2.49,6.29,,,11.90
226,Sabang,Paschim Medinipur,5913457,,,960,79.04,,,19.08,14.88,85.26,12.41,,1.52,87.15,2.49,6.29,,,11.90
227,Pingla,Paschim Medinipur,5913457,,,960,79.04,,,19.08,14.88,85.26,12.41,,1.52,87.15,2.49,6.29,,,11.90
228,Kharagpur,Paschim Medinipur,5913457,,,960,79.04,,,19.08,14.88,85.26,12.41,,1.52,87.15,2.49,6.29,,,11.90
229,Debra,Paschim Medinipur,5913457,,,960,79.04,,,19.08,14.88,85.26,12.41,,1.52,87.15,2.49,6.29,,,11.90
230,Daspur,Paschim Medinipur,5913457,,,960,79.04,,,19.08,14.88,85.26,12.41,,1.52,87.15,2.49,6.29,,,11.90
231,Ghatal,Paschim Medinipur,5913457,,,960,79.04,,,19.08,14.88,85.26,12.41,,1.52,87.15,2.49,6.29,,,11.90
232,Chandrakona,Paschim Medinipur,5913457,,,960,79.04,,,19.08,14.88,85.26,12.41,,1.52,87.15,2.49,6.29,,,11.90
233,Garbeta,Paschim Medinipur,5913457,,,960,79.04,,,19.08,14.88,85.26,12.41,,1.52,87.15,2.49,6.29,,,11.90
234,Salboni,Paschim Medinipur,5913457,,,960,79.04,,,19.08,14.88,85.26,12.41,,1.52,87.15,2.49,6.29,,,11.90
235,Keshpur,Paschim Medinipur,5913457,,,960,79.04,,,19.08,14.88,85.26,12.41,,1.52,87.15,2.49,6.29,,,11.90
236,Medinipur,Paschim Medinipur,5913457,,,960,79.04,,,19.08,14.88,85.26,12.41,,1.52,87.15,2.49,6.29,,,11.90
237,Binpur,Jhargram,1136548,,,977,89.20,,,20.11,29.37,86.60,2.46,0.45,0.66,78.23,,18.68,,,5.93
238,Bandwan,Purulia,2930115,,,955,65.38,74.18,37.15,19.38,18.45,80.99,7.76,,10.55,80.60,1.93,11.20,,,12.74
239,Balarampur,Purulia,2930115,,,955,65.38,74.18,37.15,19.38,18.45,80.99,7.76,,10.55,80.60,1.93,11.20,,,12.74
240,Baghmundi,Purulia,2930115,,,955,65.38,74.18,37.15,19.38,18.45,80.99,7.76,,10.55,80.60,1.93,11.20,,,12.74
241,Joypur,Purulia,2930115,,,955,65.38,74.18,37.15,19.38,18.45,80.99,7.76,,10.55,80.60,1.93,11.20,,,12.74
242,Purulia,Purulia,2930115,,,955,65.38,74.18,37.15,19.38,18.45,80.99,7.76,,10.55,80.60,1.93,11.20,,,12.74
243,Manbazar,Purulia,2930115,,,955,65.38,74.18,37.15,19.38,18.45,80.99,7.76,,10.55,80.60,1.93,11.20,,,12.74
244,Kashipur,Purulia,2930115,,,955,65.38,74.18,37.15,19.38,18.45,80.99,7.76,,10.55,80.60,1.93,11.20,,,12.74
245,Para,Purulia,2930115,,,955,65.38,74.18,37.15,19.38,18.45,80.99,7.76,,10.55,80.60,1.93,11.20,,,12.74
246,Raghunathpur,Purulia,2930115,,,955,65.38,74.18,37.15,19.38,18.45,80.99,7.76,,10.55,80.60,1.93,11.20,,,12.74
247,Saltora,Bankura,3596674,,,954,70.95,,,32.65,10.25,84.34,8.08,,7.25,90.68,,7.96,,,8.33
248,Chhatna,Bankura,3596674,,,954,70.95,,,32.65,10.25,84.34,8.08,,7.25,90.68,,7.96,,,8.33
249,Ranibandh,Bankura,3596674,,,954,70.95,,,32.65,10.25,84.34,8.08,,7.25,90.68,,7.96,,,8.33
250,Raipur,Bankura,3596674,,,954,70.95,,,32.65,10.25,84.34,8.08,,7.25,90.68,,7.96,,,8.33
251,Taldangra,Bankura,3596674,,,954,70.95,,,32.65,10.25,84.34,8.08,,7.25,90.68,,7.96,,,8.33
252,Bankura,Bankura,3596674,,,954,70.95,,,32.65,10.25,84.34,8.08,,7.25,90.68,,7.96,,,8.33
253,Barjora,Bankura,3596674,,,954,70.95,,,32.65,10.25,84.34,8.08,,7.25,90.68,,7.96,,,8.33
254,Onda,Bankura,3596674,,,954,70.95,,,32.65,10.25,84.34,8.08,,7.25,90.68,,7.96,,,8.33
255,Bishnupur,Bankura,3596674,,,954,70.95,,,32.65,10.25,84.34,8.08,,7.25,90.68,,7.96,,,8.33
256,Katulpur,Bankura,3596674,,,954,70.95,,,32.65,10.25,84.34,8.08,,7.25,90.68,,7.96,,,8.33
257,Indas,Bankura,3596674,,,954,70.95,,,32.65,10.25,84.34,8.08,,7.25,90.68,,7.96,,,8.33
258,Sonamukhi,Purba Bardhaman,4835532,2469310,2366222,945,74.73,80.60,68.66,30.75,6.77,73.75,25.14,,1.12,92.86,1.66,5.03,,,15.02
259,Khandaghosh,Purba Bardhaman,4835532,2469310,2366222,945,74.73,80.60,68.66,30.75,6.77,73.75,25.14,,1.12,92.86,1.66,5.03,,,15.02
260,Bardhaman Dakshin,Purba Bardhaman,4835532,2469310,2366222,945,74.73,80.60,68.66,30.75,6.77,73.75,25.14,,1.12,92.86,1.66,5.03,,,15.02
261,Raina,Purba Bardhaman,4835532,2469310,2366222,945,74.73,80.60,68.66,30.75,6.77,73.75,25.14,,1.12,92.86,1.66,5.03,,,15.02
262,Jamalpur,Purba Bardhaman,4835532,2469310,2366222,945,74.73,80.60,68.66,30.75,6.77,73.75,25.14,,1.12,92.86,1.66,5.03,,,15.02
263,Monteswar,Purba Bardhaman,4835532,2469310,2366222,945,74.73,80.60,68.66,30.75,6.77,73.75,25.14,,1.12,92.86,1.66,5.03,,,15.02
264,Kalna,Purba Bardhaman,4835532,2469310,2366222,945,74.73,80.60,68.66,30.75,6.77,73.75,25.14,,1.12,92.86,1.66,5.03,,,15.02
265,Memari,Purba Bardhaman,4835532,2469310,2366222,945,74.73,80.60,68.66,30.75,6.77,73.75,25.14,,1.12,92.86,1.66,5.03,,,15.02
266,Bardhaman Uttar,Purba Bardhaman,4835532,2469310,2366222,945,74.73,80.60,68.66,30.75,6.77,73.75,25.14,,1.12,92.86,1.66,5.03,,,15.02
267,Bhatar,Purba Bardhaman,4835532,2469310,2366222,945,74.73,80.60,68.66,30.75,6.77,73.75,25.14,,1.12,92.86,1.66,5.03,,,15.02
268,Purbasthali Dakshin,Purba Bardhaman,4835532,2469310,2366222,945,74.73,80.60,68.66,30.75,6.77,73.75,25.14,,1.12,92.86,1.66,5.03,,,15.02
269,Purbasthali Uttar,Purba Bardhaman,4835532,2469310,2366222,945,74.73,80.60,68.66,30.75,6.77,73.75,25.14,,1.12,92.86,1.66,5.03,,,15.02
270,Katwa,Purba Bardhaman,4835532,2469310,2366222,945,74.73,80.60,68.66,30.75,6.77,73.75,25.14,,1.12,92.86,1.66,5.03,,,15.02
271,Ketugram,Purba Bardhaman,4835532,2469310,2366222,945,74.73,80.60,68.66,30.75,6.77,73.75,25.14,,1.12,92.86,1.66,5.03,,,15.02
272,Mangalkot,Purba Bardhaman,4835532,2469310,2366222,945,74.73,80.60,68.66,30.75,6.77,73.75,25.14,,1.12,92.86,1.66,5.03,,,15.02
273,Ausgram,Purba Bardhaman,4835532,2469310,2366222,945,74.73,80.60,68.66,30.75,6.77,73.75,25.14,,1.12,92.86,1.66,5.03,,,15.02
274,Galsi,Purba Bardhaman,4835532,2469310,2366222,945,74.73,80.60,68.66,30.75,6.77,73.75,25.14,,1.12,92.86,1.66,5.03,,,15.02
275,Pandabeswar,Paschim Bardhaman,2882031,1497479,1384452,922,78.75,85.44,65.55,21.81,5.62,84.75,13.32,0.44,2.00,58.18,26.78,4.47,7.64,,81.61
276,Durgapur Purba,Paschim Bardhaman,2882031,1497479,1384452,922,78.75,85.44,65.55,21.81,5.62,84.75,13.32,0.44,2.00,58.18,26.78,4.47,7.64,,81.61
277,Durgapur Paschim,Paschim Bardhaman,2882031,1497479,1384452,922,78.75,85.44,65.55,21.81,5.62,84.75,13.32,0.44,2.00,58.18,26.78,4.47,7.64,,81.61
278,Raniganj,Paschim Bardhaman,2882031,1497479,1384452,922,78.75,85.44,65.55,21.81,5.62,84.75,13.32,0.44,2.00,58.18,26.78,4.47,7.64,,81.61
279,Jamuria,Paschim Bardhaman,2882031,1497479,1384452,922,78.75,85.44,65.55,21.81,5.62,84.75,13.32,0.44,2.00,58.18,26.78,4.47,7.64,,81.61
280,Asansol Dakshin,Paschim Bardhaman,2882031,1497479,1384452,922,78.75,85.44,65.55,21.81,5.62,84.75,13.32,0.44,2.00,58.18,26.78,4.47,7.64,,81.61
281,Asansol Uttar,Paschim Bardhaman,2882031,1497479,1384452,922,78.75,85.44,65.55,21.81,5.62,84.75,13.32,0.44,2.00,58.18,26.78,4.47,7.64,,81.61
282,Kulti,Paschim Bardhaman,2882031,1497479,1384452,922,78.75,85.44,65.55,21.81,5.62,84.75,13.32,0.44,2.00,58.18,26.78,4.47,7.64,,81.61
283,Barabani,Paschim Bardhaman,2882031,1497479,1384452,922,78.75,85.44,65.55,21.81,5.62,84.75,13.32,0.44,2.00,58.18,26.78,4.47,7.64,,81.61
284,Dubrajpur,Birbhum,3502404,,,956,70.90,,,29.50,6.92,62.28,37.06,,0.66,92.38,,6.01,,,12.83
285,Suri,Birbhum,3502404,,,956,70.90,,,29.50,6.92,62.28,37.06,,0.66,92.38,,6.01,,,12.83
286,Bolpur,Birbhum,3502404,,,956,70.90,,,29.50,6.92,62.28,37.06,,0.66,92.38,,6.01,,,12.83
287,Nanoor,Birbhum,3502404,,,956,70.90,,,29.50,6.92,62.28,37.06,,0.66,92.38,,6.01,,,12.83
288,Labpur,Birbhum,3502404,,,956,70.90,,,29.50,6.92,62.28,37.06,,0.66,92.38,,6.01,,,12.83
289,Sainthia,Birbhum,3502404,,,956,70.90,,,29.50,6.92,62.28,37.06,,0.66,92.38,,6.01,,,12.83
290,Mayureswar,Birbhum,3502404,,,956,70.90,,,29.50,6.92,62.28,37.06,,0.66,92.38,,6.01,,,12.83
291,Rampurhat,Birbhum,3502404,,,956,70.90,,,29.50,6.92,62.28,37.06,,0.66,92.38,,6.01,,,12.83
292,Hansan,Birbhum,3502404,,,956,70.90,,,29.50,6.92,62.28,37.06,,0.66,92.38,,6.01,,,12.83
293,Nalhati,Birbhum,3502404,,,956,70.90,,,29.50,6.92,62.28,37.06,,0.66,92.38,,6.01,,,12.83
294,Murarai,Birbhum,3502404,,,956,70.90,,,29.50,6.92,62.28,37.06,,0.66,92.38,,6.01,,,12.83
